index,node_id,node_type,elev,xcoord,ycoord
1,n1,junction,73.2105,138.22,1549.64
2,n2,junction,73.8737,274.23,1504.56
3,n3,junction,73.1782,271.28,1480.96
4,n4,junction,68.2608,186.62,1326.65
5,n5,junction,65.5695,158.93,1233.34
6,n6,junction,70.9095,261.33,1361.98
7,n7,junction,75.9175,369.97,1543.26
8,n8,junction,64.4833,162.65,1181.32
9,n9,junction,69.2626,256.54,1318.85
10,n10,junction,74.3469,361.45,1475.42
11,n11,junction,63.0588,167.14,1118.61
12,n12,junction,68.2274,271.09,1281.28
13,n13,junction,61.9901,170.68,1059.78
14,n14,junction,68.5805,302.24,1279.26
15,n15,junction,70.9492,344.84,1347.41
16,n16,junction,68.7986,336.37,1277.06
17,n17,junction,60.5935,177.12,987.98
18,n18,junction,67.142,331.16,1227.21
19,n19,junction,73.3626,439.91,1391.07
20,n20,junction,65.9549,325.78,1173.23
21,n21,junction,59.6849,181.22,914.67
22,n22,junction,76.1173,525.83,1490.19
23,n23,junction,64.2052,314.66,1113.15
24,n24,junction,67.8217,393.3,1207.5
25,n25,junction,58.9717,195.95,860.16
26,n26,junction,61.6305,309.66,1037.48
27,n27,junction,65.7763,378.84,1136.18
28,n28,junction,61.4047,305.94,1008.07
29,n29,junction,71.5429,482.97,1314.28
30,n30,junction,75.3299,575.55,1471.84
31,n31,junction,65.0059,361.51,1100.77
32,n32,junction,71.159,478.09,1296.3
33,n33,junction,60.5902,300.29,964.57
34,n34,junction,65.8482,423.91,1120.35
35,n35,junction,59.6258,292.4,892.5
36,n36,junction,70.1959,525.89,1281.28
37,n37,junction,63.9172,405.03,1063.3
38,n38,junction,58.5794,288.82,853.94
39,n39,junction,62.9791,389.45,1016.1
40,n40,junction,60.2093,370.29,938.65
41,n41,junction,69.2961,566.53,1268.51
42,n42,junction,61.0635,403.76,973.45
43,n43,junction,61.8585,432.65,1003.48
44,n44,junction,66.1177,526.16,1162.06
45,n45,junction,62.5989,460.34,1032.96
46,n46,junction,38.8781,574.86,1216.08
47,n47,junction,38.7028,570.9,1208.08
48,n48,junction,40.1135,617.95,1261.56
49,n49,junction,34.8665,519.13,1067.77
50,n50,junction,44.7174,727.0,1399.94
51,n51,junction,29.8508,445.94,892.44
52,n52,junction,33.2106,512.28,995.79
53,n53,junction,29.1285,444.76,848.99
54,n54,junction,36.6718,621.8,1124.08
55,n55,junction,43.7044,777.67,1368.09
56,n56,junction,32.7019,566.99,994.58
57,n57,junction,34.5788,609.29,1055.0
58,n58,junction,30.1017,526.2,889.83
59,n59,junction,40.544,768.71,1259.78
60,n60,junction,36.5477,716.93,1123.7
61,n61,junction,36.5714,725.87,1121.15
62,n62,junction,35.96,724.95,1097.08
63,n63,junction,37.0071,761.12,1142.36
64,n64,junction,34.9234,722.95,1058.3
65,n65,junction,36.2244,760.67,1111.34
66,n66,junction,34.276,722.29,1043.96
67,n67,junction,32.5016,719.53,990.91
68,n68,junction,41.0943,906.24,1259.09
69,n69,junction,27.7774,674.2,852.92
70,n70,junction,29.8554,716.36,917.96
71,n71,junction,30.0823,745.58,918.67
72,n72,junction,34.4673,855.04,1060.67
73,n73,junction,33.0899,856.14,1039.65
74,n74,junction,32.3582,857.37,1016.18
75,n75,junction,40.1001,975.58,1204.22
76,n76,junction,30.5603,861.89,948.46
77,n77,junction,33.9737,954.16,1031.85
78,n78,junction,29.2383,866.29,878.52
79,n79,junction,32.7267,946.9,1007.57
80,n80,junction,27.7113,869.08,831.04
81,n81,junction,31.0269,943.91,956.0
82,n82,junction,39.6884,1063.35,1140.98
83,n83,junction,35.7824,1042.5,1036.71
84,n84,junction,28.8092,954.19,855.32
85,n85,junction,38.6811,1142.52,1079.08
86,n86,junction,38.1149,1161.0,1063.44
87,n87,junction,35.2466,1129.13,992.21
88,n88,junction,34.2301,1126.66,943.79
89,n89,junction,31.7913,1097.78,876.0
90,n90,junction,36.3955,1190.11,1028.08
91,n91,junction,33.0649,1140.09,898.21
92,n92,junction,33.1049,1163.25,905.36
93,n93,junction,29.3998,1292.79,806.64
94,n94,junction,27.5188,280.55,763.35
95,n95,junction,25.4416,226.16,644.61
96,n96,junction,24.1924,215.29,564.74
97,n97,junction,27.2125,331.42,760.19
98,n98,junction,25.5648,281.88,640.91
99,n99,junction,23.3478,208.68,502.81
100,n100,junction,25.0658,329.93,642.47
101,n101,junction,24.157,290.47,557.11
102,n102,junction,23.6941,275.55,502.64
103,n103,junction,24.3635,313.2,556.67
104,n104,junction,20.9592,171.01,279.19
105,n105,junction,24.022,332.64,554.96
106,n106,junction,23.5008,274.45,441.94
107,n107,junction,23.541,314.25,505.08
108,n108,junction,19.8166,163.99,239.76
109,n109,junction,23.4984,314.52,498.03
110,n110,junction,23.8384,415.72,658.53
111,n111,junction,25.0,458.67,732.35
112,n112,junction,23.5656,417.4,638.33
113,n113,junction,23.6071,384.78,555.06
114,n114,junction,20.4764,240.32,280.96
115,n115,junction,23.8321,465.63,663.63
116,n116,junction,20.911,256.48,288.69
117,n117,junction,26.9614,538.76,776.66
118,n118,junction,19.0993,182.34,147.27
119,n119,junction,20.0895,246.15,255.65
120,n120,junction,22.6201,424.38,555.28
121,n121,junction,19.3967,194.1,136.42
122,n122,junction,22.4946,441.66,560.52
123,n123,junction,21.5338,375.73,407.03
124,n124,junction,22.6501,474.04,570.36
125,n125,junction,20.5899,323.81,290.36
126,n126,junction,19.167,203.17,77.03
127,n127,junction,19.1187,270.57,166.58
128,n128,junction,22.0969,515.67,589.07
129,n129,junction,25.901,659.8,795.05
130,n130,junction,22.1732,557.63,609.69
131,n131,junction,19.552,283.28,126.16
132,n132,junction,20.3762,424.4,329.23
133,n133,junction,22.5783,623.81,629.64
134,n134,junction,19.2113,382.8,206.77
135,n135,junction,19.1205,362.92,164.59
136,n136,junction,20.3013,513.76,388.27
137,n137,junction,19.6856,430.85,241.21
138,n138,junction,20.838,601.12,532.38
139,n139,junction,19.6632,373.51,131.03
140,n140,junction,27.3504,768.02,804.56
141,n141,junction,23.1252,686.52,649.74
142,n142,junction,19.6239,491.67,283.43
143,n143,junction,20.8754,635.34,483.62
144,n144,junction,26.9472,827.24,810.58
145,n145,junction,22.1344,698.87,585.63
146,n146,junction,21.8276,699.42,580.32
147,n147,junction,19.9725,556.44,328.41
148,n148,junction,20.1477,588.0,351.62
149,n149,junction,20.9496,704.16,533.84
150,n150,junction,22.6861,779.88,662.72
151,n151,junction,19.8447,617.83,373.57
152,n152,junction,19.1334,520.55,183.11
153,n153,junction,22.6394,803.43,664.31
154,n154,junction,20.3582,652.08,399.06
155,n155,junction,26.3852,877.85,782.22
156,n156,junction,20.0619,682.2,421.82
157,n157,junction,20.4464,713.2,445.23
158,n158,junction,19.7472,571.03,196.53
159,n159,junction,27.0053,912.7,758.45
160,n160,junction,20.2078,756.81,470.46
161,n161,junction,21.3197,843.12,600.12
162,n162,junction,26.9729,934.43,751.2
163,n163,junction,21.6096,869.24,622.9
164,n164,junction,20.2745,800.83,492.62
165,n165,junction,19.8081,719.47,340.87
166,n166,junction,20.275,858.56,521.58
167,n167,junction,22.5413,920.7,627.75
168,n168,junction,20.4384,872.72,528.28
169,n169,junction,27.0181,993.5,734.78
170,n170,junction,23.2339,942.22,629.54
171,n171,junction,20.6067,893.49,538.09
172,n172,junction,19.1601,733.72,232.53
173,n173,junction,21.0596,928.9,554.77
174,n174,junction,21.4292,953.71,566.54
175,n175,junction,19.3536,783.83,249.68
176,n176,junction,27.7038,1067.85,732.35
177,n177,junction,19.3479,796.45,254.0
178,n178,junction,21.9026,1003.16,589.53
179,n179,junction,19.4895,835.46,264.94
180,n180,junction,22.7778,1034.08,604.93
181,n181,junction,23.7049,1056.46,630.41
182,n182,junction,25.085,1077.3,658.25
183,n183,junction,19.3859,866.5,274.35
184,n184,junction,27.2441,1130.99,718.1
185,n185,junction,19.0789,898.57,277.14
186,n186,junction,21.8196,1090.25,587.4
187,n187,junction,19.0349,1011.43,450.85
188,n188,junction,18.8768,936.66,285.66
189,n189,junction,18.6826,956.08,289.28
190,n190,junction,19.6529,1072.1,487.17
191,n191,junction,27.4799,1204.59,707.94
192,n192,junction,22.206,1137.55,583.51
193,n193,junction,19.7041,1088.53,487.69
194,n194,junction,19.7601,1107.83,487.78
195,n195,junction,16.8285,1025.24,301.64
196,n196,junction,19.8226,1192.63,581.02
197,n197,junction,16.5799,1113.87,317.46
198,n198,junction,22.8492,1395.96,701.0
199,n199,junction,16.5475,1185.25,330.18
200,n200,junction,18.2407,1399.8,571.76
201,n201,junction,19.106,1506.54,582.04
202,n202,junction,17.9436,1508.93,554.08
203,n203,junction,22.0332,1563.84,639.4
204,n204,junction,16.436,1407.95,353.67
205,n205,junction,6.9791,1612.65,644.21
206,n206,junction,7.9123,1636.63,668.44
207,n207,junction,2.0579,1558.76,511.02
208,n208,junction,5.9061,1629.01,592.81
209,n209,junction,4.6117,1632.35,565.57
210,n210,junction,2.7477,1636.29,517.86
211,n211,junction,4.8451,1672.42,568.34
212,n212,junction,2.3488,1638.94,452.0
213,n213,junction,3.2427,1699.15,522.98
214,n214,junction,16.8316,1509.62,368.87
215,n215,junction,2.0066,1638.34,378.76
216,n216,junction,2.4091,1701.69,458.21
217,n217,junction,1.8712,1704.52,382.32
218,n218,junction,29.6006,1562.62,897.08
219,n219,junction,28.4518,1558.86,845.7
220,n220,junction,30.7523,1646.61,914.36
221,n221,junction,28.2232,1641.78,845.18
222,n222,junction,28.0585,1641.48,840.68
223,n223,junction,28.5629,1690.26,842.71
224,n224,junction,26.9114,1691.99,782.26
225,n225,junction,25.5,1757.1,733.69
226,n226,junction,6.113,1712.94,623.74
227,n227,junction,5.7901,1732.87,611.57
228,n228,junction,27.3852,1904.17,894.73
229,n229,junction,21.5781,1757.58,636.18
230,n230,junction,28.3962,1943.76,949.61
231,n231,junction,4.8639,1746.95,576.21
232,n232,junction,26.0377,1901.18,834.14
233,n233,junction,4.4157,1754.99,555.7
234,n234,junction,5.1036,1774.41,580.5
235,n235,junction,24.1047,1898.19,772.99
236,n236,junction,3.0871,1765.63,499.29
237,n237,junction,4.0834,1793.43,546.2
238,n238,junction,24.6076,1925.46,770.1
239,n239,junction,22.9677,1895.25,717.74
240,n240,junction,28.8065,2004.39,894.55
241,n241,junction,22.1953,1893.1,683.37
242,n242,junction,2.3582,1768.52,456.83
243,n243,junction,2.6564,1797.82,479.88
244,n244,junction,21.2523,1889.11,627.98
245,n245,junction,28.661,2046.96,894.6
246,n246,junction,1.9044,1771.99,413.95
247,n247,junction,2.117,1805.93,436.45
248,n248,junction,29.31,2101.21,945.9
249,n249,junction,28.5347,2103.47,894.66
250,n250,junction,28.414,2103.63,889.65
251,n251,junction,21.3004,1952.82,622.69
252,n252,junction,24.7044,1998.45,693.21
253,n253,junction,2.2871,1847.97,400.33
254,n254,junction,2.2175,1848.77,391.16
255,n255,junction,20.9378,1982.68,617.48
256,n256,junction,17.777,1906.63,447.86
257,n257,junction,28.3219,2162.96,890.35
258,n258,junction,24.7483,2055.01,692.25
259,n259,junction,24.601,2055.32,682.07
260,n260,junction,17.7457,1930.12,446.34
261,n261,junction,16.7006,1925.52,395.4
262,n262,junction,24.2606,2118.18,680.81
263,n263,junction,24.6696,2168.95,737.97
264,n264,junction,20.6282,2080.64,583.4
265,n265,junction,28.4319,2277.74,891.8
266,n266,junction,19.968,2101.07,568.83
267,n267,junction,23.3745,2167.05,677.06
268,n268,junction,21.9354,2141.65,606.4
269,n269,junction,26.1653,2200.09,674.83
270,n270,junction,20.8216,2093.38,482.16
271,n271,junction,34.039,2393.77,985.03
272,n272,junction,20.1368,2076.24,402.96
273,n273,junction,24.5091,2198.62,603.33
274,n274,junction,32.8648,2409.17,938.26
275,n275,junction,29.2533,2334.02,792.33
276,n276,junction,21.3002,2160.98,478.77
277,n277,junction,22.448,2197.04,535.91
278,n278,junction,22.0132,2196.79,519.11
279,n279,junction,21.7544,2196.9,506.88
280,n280,junction,29.6042,2371.48,789.98
281,n281,junction,31.2675,2426.89,885.77
282,n282,junction,30.4949,2429.12,832.94
283,n283,junction,27.4233,2367.0,724.4
284,n284,junction,26.3666,2347.17,665.86
285,n285,junction,20.4612,2201.82,403.37
286,n286,junction,29.0388,2425.74,786.58
287,n287,junction,33.0444,2538.56,967.69
288,n288,junction,21.6218,2266.76,478.46
289,n289,junction,27.4463,2408.92,721.88
290,n290,junction,24.6247,2342.02,593.81
291,n291,junction,32.4985,2541.76,937.82
292,n292,junction,31.9495,2544.48,918.13
293,n293,junction,26.5282,2405.76,668.93
294,n294,junction,26.5192,2412.43,668.54
295,n295,junction,30.8274,2547.28,884.0
296,n296,junction,32.1966,2576.89,923.8
297,n297,junction,23.3934,2363.37,519.2
298,n298,junction,34.8909,2682.87,1050.98
299,n299,junction,26.7205,2487.38,664.19
300,n300,junction,35.0,2719.49,1060.34
301,n301,junction,23.52,2411.41,522.16
302,n302,junction,23.3123,2411.1,516.74
303,n303,junction,34.4994,2737.79,1065.03
304,n304,junction,32.978,2673.29,940.08
305,n305,junction,25.4869,2483.71,601.56
306,n306,junction,23.6839,2480.63,546.14
307,n307,junction,31.4204,2687.99,900.08
308,n308,junction,23.3861,2479.41,518.68
309,n309,junction,23.1678,2478.53,499.12
310,n310,junction,22.36,2476.94,457.71
311,n311,junction,29.5998,2693.1,823.77
312,n312,junction,22.0779,2476.35,445.43
313,n313,junction,21.7616,2483.8,395.24
314,n314,junction,29.6902,2750.64,847.75
315,n315,junction,22.7969,2557.96,493.87
316,n316,junction,29.3551,2754.25,825.67
317,n317,junction,22.2884,2555.67,439.01
318,n318,junction,23.5639,2615.75,537.65
319,n319,junction,30.4617,2811.17,856.43
320,n320,junction,28.2142,2762.66,771.21
321,n321,junction,21.897,2560.37,398.41
322,n322,junction,26.9371,2764.13,701.69
323,n323,junction,26.0702,2768.23,647.61
324,n324,junction,24.9686,2773.28,581.82
325,n325,junction,24.3047,2772.13,534.16
326,n326,junction,23.6854,2763.89,495.26
327,n327,junction,22.2849,2747.2,434.88
328,n328,junction,22.1954,2769.11,427.91
329,n329,junction,24.3743,2835.43,500.67
330,n330,junction,22.0274,2777.81,365.56
331,n331,junction,22.9257,2820.89,411.44
332,n332,junction,18.0,603.95,462.8
333,n333,junction,18.0,569.87,439.74
334,n334,junction,18.0,536.59,415.93
335,n335,junction,27.45,1397.95,907.67
336,n336,junction,26.0,449.24,770.4
337,n337,junction,4.1,1543.29,586.07
338,n338,junction,28.2,1521.88,776.43
339,n339,junction,22.8,1600.13,705.2
340,n340,junction,30.1,1314.42,947.21
341,n341,junction,22.8,1391.36,762.78
342,n342,junction,27.36,1417.76,851.74
343,n343,junction,66.12,548.48,1153.26
344,n344,junction,74.28,353.14,1409.75
345,n345,junction,71.23,424.85,1329.87
346,n346,junction,67.93,447.73,1192.11
347,n347,junction,73.6617,135.02,1617.66
348,n348,junction,74.1128,179.23,1607.01
349,n349,junction,74.564,227.11,1590.82
350,n350,junction,75.0152,275.12,1576.83
351,n351,junction,75.4663,318.71,1563.11
352,n352,junction,74.1103,317.84,1489.99
353,n353,junction,73.5455,263.42,1433.65
354,n354,junction,73.9127,308.0,1421.64
355,n355,junction,66.4555,217.79,1235.65
356,n356,junction,67.3414,265.51,1239.01
357,n357,junction,69.745,305.24,1353.42
358,n358,junction,75.9841,421.93,1525.57
359,n359,junction,76.0507,473.87,1507.88
360,n360,junction,64.9738,217.03,1178.62
361,n361,junction,65.4644,271.4,1175.93
362,n362,junction,74.0188,413.65,1457.94
363,n363,junction,73.6907,452.68,1442.27
364,n364,junction,63.4409,216.32,1116.79
365,n365,junction,63.8231,265.49,1114.97
366,n366,junction,61.8702,217.01,1052.35
367,n367,junction,61.7504,263.33,1044.91
368,n368,junction,71.0896,384.84,1338.64
369,n369,junction,60.5924,218.18,980.17
370,n370,junction,60.5913,259.23,972.37
371,n371,junction,73.8213,396.53,1400.41
372,n372,junction,65.8656,377.56,1167.44
373,n373,junction,59.6553,236.81,903.59
374,n374,junction,74.9737,515.11,1446.21
375,n375,junction,73.8301,504.4,1402.24
376,n376,junction,72.6865,493.68,1358.26
377,n377,junction,62.9179,312.17,1075.32
378,n378,junction,68.9578,403.81,1248.29
379,n379,junction,70.0939,414.34,1289.08
380,n380,junction,61.2341,354.86,990.76
381,n381,junction,74.0464,563.14,1424.2
382,n382,junction,72.7629,550.73,1376.56
383,n383,junction,71.4794,538.31,1328.92
384,n384,junction,69.5445,462.92,1244.21
385,n385,junction,66.8891,435.83,1156.23
386,n386,junction,59.3943,329.56,896.3
387,n387,junction,64.9448,504.22,1119.03
388,n388,junction,63.7718,482.27,1075.99
389,n389,junction,67.0238,486.95,1177.09
390,n390,junction,38.164,571.47,1176.46
391,n391,junction,37.6252,626.09,1151.64
392,n392,junction,37.0865,672.85,1137.73
393,n393,junction,38.8775,621.49,1207.6
394,n394,junction,39.0521,672.07,1207.11
395,n395,junction,39.2268,722.66,1206.63
396,n396,junction,39.4015,773.24,1206.15
397,n397,junction,39.5761,823.82,1205.67
398,n398,junction,39.7508,874.41,1205.19
399,n399,junction,39.9254,924.99,1204.71
400,n400,junction,40.257,668.21,1260.96
401,n401,junction,40.4005,718.46,1260.38
402,n402,junction,41.2645,630.46,1304.15
403,n403,junction,42.4154,659.77,1341.02
404,n404,junction,43.5664,689.25,1388.1
405,n405,junction,34.7226,564.22,1061.39
406,n406,junction,29.9762,486.07,891.14
407,n407,junction,31.6562,519.24,942.81
408,n408,junction,36.3159,673.38,1110.58
409,n409,junction,42.1242,773.19,1313.93
410,n410,junction,42.8344,820.52,1331.76
411,n411,junction,41.9643,863.39,1295.43
412,n412,junction,32.6351,617.83,993.35
413,n413,junction,32.5684,668.68,992.14
414,n414,junction,34.4274,665.79,1049.48
415,n415,junction,28.5315,532.49,833.25
416,n416,junction,40.7274,814.56,1259.54
417,n417,junction,40.9109,860.4,1259.32
418,n418,junction,35.4624,768.31,1084.95
419,n419,junction,34.9649,811.68,1072.8
420,n420,junction,37.454,811.49,1142.14
421,n421,junction,37.9009,861.86,1141.9
422,n422,junction,38.3478,912.24,1141.67
423,n423,junction,38.7946,962.6,1141.45
424,n424,junction,39.2415,1012.97,1141.21
425,n425,junction,34.3122,767.35,1052.08
426,n426,junction,33.7011,811.74,1045.87
427,n427,junction,36.5315,807.97,1102.08
428,n428,junction,36.8386,854.26,1089.09
429,n429,junction,37.1457,904.62,1077.18
430,n430,junction,37.4527,951.61,1083.25
431,n431,junction,37.7598,998.83,1085.74
432,n432,junction,38.0669,1047.15,1084.17
433,n433,junction,38.374,1094.8,1083.12
434,n434,junction,40.5972,940.91,1231.66
435,n435,junction,28.8164,670.66,915.81
436,n436,junction,34.2205,904.61,1046.25
437,n437,junction,32.5424,902.13,1011.87
438,n438,junction,39.8942,1019.47,1172.6
439,n439,junction,30.7936,902.9,952.23
440,n440,junction,34.2919,997.91,1021.94
441,n441,junction,34.6102,1041.64,1012.03
442,n442,junction,34.9284,1095.65,988.29
443,n443,junction,29.0953,913.87,891.0
444,n444,junction,28.9522,956.94,898.18
445,n445,junction,28.2603,911.64,843.18
446,n446,junction,31.218,996.98,943.75
447,n447,junction,31.4091,1042.54,933.45
448,n448,junction,31.6002,1091.19,922.54
449,n449,junction,39.1847,1102.94,1110.03
450,n450,junction,35.9868,1091.7,1033.83
451,n451,junction,36.1911,1140.9,1030.96
452,n452,junction,29.8032,1001.38,871.34
453,n453,junction,30.7973,1049.92,869.1
454,n454,junction,34.0772,1161.85,955.1
455,n455,junction,32.9079,1194.59,917.99
456,n456,junction,31.7385,1227.32,880.87
457,n457,junction,30.5692,1260.06,843.76
458,n458,junction,30.598,1066.26,847.65
459,n459,junction,29.4047,1026.06,821.64
460,n460,junction,28.2114,1005.02,789.15
461,n461,junction,34.297,1231.54,1001.12
462,n462,junction,32.1985,1272.98,974.17
463,n463,junction,28.8609,1252.34,784.51
464,n464,junction,28.3219,1211.89,762.37
465,n465,junction,27.783,1171.44,740.24
466,n466,junction,28.7199,1334.44,821.68
467,n467,junction,28.0399,1376.1,836.7
468,n468,junction,26.5418,281.22,702.13
469,n469,junction,26.9995,223.12,777.03
470,n470,junction,26.4802,224.62,728.08
471,n471,junction,25.9609,218.8,690.24
472,n472,junction,24.817,220.72,604.68
473,n473,junction,24.1747,252.89,560.92
474,n474,junction,26.1391,330.68,701.33
475,n475,junction,26.0878,396.98,751.05
476,n476,junction,24.9631,406.25,705.63
477,n477,junction,24.8609,286.18,599.01
478,n478,junction,22.8701,201.14,458.08
479,n479,junction,22.3924,193.61,413.36
480,n480,junction,21.9146,186.07,368.64
481,n481,junction,21.4369,178.54,323.91
482,n482,junction,24.3157,373.67,640.4
483,n483,junction,24.5439,331.29,598.72
484,n484,junction,22.6375,261.18,404.8
485,n485,junction,21.7743,256.04,356.27
486,n486,junction,19.458,173.17,193.52
487,n487,junction,19.9531,205.07,247.71
488,n488,junction,22.7713,316.84,446.11
489,n489,junction,22.0441,319.16,394.2
490,n490,junction,21.317,321.48,342.28
491,n491,junction,23.0928,420.9,596.8
492,n492,junction,22.916,381.77,505.71
493,n493,junction,22.2249,378.74,456.38
494,n494,junction,23.2411,469.84,617.0
495,n495,junction,22.9645,490.66,626.35
496,n496,junction,25.3653,545.05,721.01
497,n497,junction,23.7693,551.34,665.34
498,n498,junction,26.4312,599.28,785.86
499,n499,junction,19.6041,258.37,211.12
500,n500,junction,22.0404,439.17,506.92
501,n501,junction,21.4607,462.11,467.35
502,n502,junction,20.881,487.75,428.51
503,n503,junction,19.2577,232.34,151.5
504,n504,junction,20.9964,473.3,512.33
505,n505,junction,19.4982,504.95,464.12
506,n506,junction,20.955,417.64,392.3
507,n507,junction,20.9532,377.5,356.97
508,n508,junction,20.3725,379.27,306.9
509,n509,junction,19.7919,381.04,256.83
510,n510,junction,21.1001,505.99,526.82
511,n511,junction,19.55,537.93,483.28
512,n512,junction,20.1304,326.11,243.7
513,n513,junction,19.6708,333.63,191.29
514,n514,junction,19.291,245.75,90.53
515,n515,junction,19.4151,288.34,104.03
516,n516,junction,19.5392,330.92,117.53
517,n517,junction,20.7313,545.09,546.98
518,n518,junction,19.3656,574.52,504.9
519,n519,junction,26.6257,713.91,799.8
520,n520,junction,24.9757,668.7,746.62
521,n521,junction,24.0505,677.62,698.18
522,n522,junction,21.5056,579.38,571.04
523,n523,junction,20.0309,427.62,285.22
524,n524,junction,20.3387,469.08,358.75
525,n525,junction,21.4862,650.0,559.01
526,n526,junction,19.4866,422.52,148.38
527,n527,junction,19.31,471.54,165.75
528,n528,junction,25.7956,771.97,757.28
529,n529,junction,24.2409,775.93,710.0
530,n530,junction,19.3787,506.12,233.27
531,n531,junction,19.7982,524.06,305.92
532,n532,junction,20.9125,669.76,508.72
533,n533,junction,20.4687,658.77,452.72
534,n534,junction,25.5403,831.22,757.96
535,n535,junction,24.1334,831.65,704.97
536,n536,junction,22.7266,829.95,654.44
537,n537,junction,22.2569,739.65,621.52
538,n538,junction,19.0738,562.29,383.77
539,n539,junction,20.698,708.69,489.54
540,n540,junction,18.9223,593.86,406.66
541,n541,junction,19.1791,628.02,430.93
542,n542,junction,24.7933,874.98,729.11
543,n543,junction,23.2015,872.11,676.01
544,n544,junction,20.1273,716.34,393.05
545,n545,junction,19.7594,569.39,234.87
546,n546,junction,19.7716,590.31,265.14
547,n547,junction,19.7837,587.32,311.51
548,n548,junction,19.7959,641.12,327.38
549,n549,junction,19.5515,625.26,208.53
550,n550,junction,19.3558,679.49,220.52
551,n551,junction,25.5173,915.36,714.88
552,n552,junction,24.0293,918.04,671.32
553,n553,junction,19.9928,766.72,416.35
554,n554,junction,19.7778,776.63,362.23
555,n555,junction,19.5629,786.54,308.12
556,n556,junction,20.8791,857.92,564.2
557,n557,junction,25.1034,938.32,690.38
558,n558,junction,20.1175,807.76,447.08
559,n559,junction,19.9605,814.69,401.55
560,n560,junction,19.8035,821.61,356.01
561,n561,junction,19.6465,828.53,310.47
562,n562,junction,19.4841,726.6,286.7
563,n563,junction,20.0358,866.55,472.69
564,n564,junction,19.7966,874.56,423.8
565,n565,junction,19.5573,882.56,374.91
566,n566,junction,19.3181,890.57,326.03
567,n567,junction,25.3129,996.72,686.36
568,n568,junction,23.6078,999.93,637.95
569,n569,junction,20.2607,902.12,487.6
570,n570,junction,19.9147,910.75,437.12
571,n571,junction,19.5688,919.39,386.63
572,n572,junction,19.2228,928.03,336.15
573,n573,junction,20.5842,934.34,501.67
574,n574,junction,20.1088,939.77,448.58
575,n575,junction,19.6334,945.21,395.48
576,n576,junction,19.158,950.64,342.39
577,n577,junction,25.7043,1054.81,679.14
578,n578,junction,27.4739,1099.42,725.23
579,n579,junction,26.1646,1104.15,688.18
580,n580,junction,20.7618,1089.4,537.54
581,n581,junction,18.2994,1016.04,401.12
582,n582,junction,17.564,1020.63,351.38
583,n583,junction,26.3222,1250.78,703.35
584,n584,junction,25.1646,1302.89,698.44
585,n585,junction,24.0069,1348.76,700.57
586,n586,junction,24.9275,1200.6,665.63
587,n587,junction,22.375,1196.61,623.33
588,n588,junction,20.983,1137.02,532.09
589,n589,junction,18.7,1109.85,431.01
590,n590,junction,17.64,1111.86,374.23
591,n591,junction,16.7042,1069.56,309.55
592,n592,junction,19.1676,1191.15,530.85
593,n593,junction,18.5126,1189.67,480.69
594,n594,junction,17.8575,1188.2,430.51
595,n595,junction,17.2025,1186.72,380.35
596,n596,junction,19.4271,1244.42,578.71
597,n597,junction,19.0316,1296.22,576.4
598,n598,junction,18.6362,1348.01,574.08
599,n599,junction,22.6452,1446.77,705.8
600,n600,junction,22.4412,1491.26,699.57
601,n601,junction,22.2372,1534.31,677.0
602,n602,junction,21.313,1397.24,657.92
603,n603,junction,19.7769,1398.52,614.85
604,n604,junction,16.5252,1229.78,334.88
605,n605,junction,16.5029,1274.33,339.58
606,n606,junction,16.4806,1318.87,344.28
607,n607,junction,16.4583,1363.41,348.97
608,n608,junction,16.7894,1221.67,351.59
609,n609,junction,17.0313,1240.85,404.62
610,n610,junction,17.2732,1258.66,457.29
611,n611,junction,17.515,1282.94,499.35
612,n612,junction,17.7569,1329.98,513.41
613,n613,junction,17.9988,1369.15,537.26
614,n614,junction,18.6734,1453.18,576.91
615,n615,junction,17.7895,1400.09,519.86
616,n616,junction,17.3383,1398.72,459.98
617,n617,junction,16.8872,1398.51,412.03
618,n618,junction,20.5696,1535.19,610.72
619,n619,junction,17.6656,1509.11,507.78
620,n620,junction,17.3876,1509.28,461.48
621,n621,junction,17.1096,1509.45,415.17
622,n622,junction,16.6338,1458.79,361.27
623,n623,junction,7.0127,1674.79,646.09
624,n624,junction,2.4028,1597.52,514.45
625,n625,junction,5.003,1586.15,589.44
626,n626,junction,4.6304,1706.96,571.61
627,n627,junction,30.1764,1604.61,905.72
628,n628,junction,28.8837,1507.73,900.61
629,n629,junction,28.1669,1452.84,904.14
630,n630,junction,28.2551,1600.17,843.19
631,n631,junction,28.3259,1540.37,811.06
632,n632,junction,30.3596,1696.13,920.24
633,n633,junction,29.9669,1745.66,926.11
634,n634,junction,29.5743,1795.19,931.98
635,n635,junction,29.1816,1844.71,937.86
636,n636,junction,28.7889,1894.24,943.73
637,n637,junction,26.9784,1639.5,801.7
638,n638,junction,25.8984,1633.64,755.86
639,n639,junction,24.8183,1653.87,715.57
640,n640,junction,23.7382,1701.44,686.96
641,n641,junction,22.6582,1752.66,674.56
642,n642,junction,27.9316,1742.99,840.56
643,n643,junction,27.3003,1795.73,838.42
644,n644,junction,26.669,1848.45,836.28
645,n645,junction,28.3274,1693.12,888.63
646,n646,junction,28.0918,1742.2,892.35
647,n647,junction,27.8563,1796.56,895.3
648,n648,junction,27.6207,1848.07,895.32
649,n649,junction,26.2097,1743.54,779.95
650,n650,junction,25.508,1795.1,777.63
651,n651,junction,24.8064,1846.64,775.31
652,n652,junction,26.2057,1694.43,740.22
653,n653,junction,24.6559,1803.15,728.38
654,n654,junction,23.8118,1849.2,723.06
655,n655,junction,24.6738,1755.94,692.12
656,n656,junction,23.8476,1798.11,691.81
657,n657,junction,23.0215,1849.13,690.97
658,n658,junction,28.0958,1954.28,894.64
659,n659,junction,28.7008,1996.25,948.37
660,n660,junction,29.0054,2048.73,947.13
661,n661,junction,27.781,2008.51,838.17
662,n662,junction,26.7555,2010.38,787.87
663,n663,junction,25.7299,2011.09,725.66
664,n664,junction,27.6828,2048.98,844.01
665,n665,junction,26.7047,2050.98,793.42
666,n666,junction,25.7265,2053.0,742.84
667,n667,junction,2.061,1796.76,388.13
668,n668,junction,30.0982,2149.97,952.42
669,n669,junction,30.8863,2200.94,951.41
670,n670,junction,31.6745,2247.08,957.97
671,n671,junction,32.4627,2293.71,965.39
672,n672,junction,33.2508,2343.68,976.6
673,n673,junction,20.4117,1947.14,578.6
674,n674,junction,19.523,1941.47,534.52
675,n675,junction,18.6344,1935.8,490.43
676,n676,junction,22.8211,1990.57,655.35
677,n677,junction,20.783,2031.66,600.44
678,n678,junction,28.3769,2220.36,891.08
679,n679,junction,27.1045,2164.96,839.55
680,n680,junction,25.887,2166.95,788.76
681,n681,junction,17.846,1975.76,397.91
682,n682,junction,18.9914,2026.0,400.45
683,n683,junction,22.4444,2101.51,626.53
684,n684,junction,25.358,2218.47,734.57
685,n685,junction,26.0464,2267.98,731.19
686,n686,junction,26.7349,2317.5,727.79
687,n687,junction,20.3948,2097.23,525.5
688,n688,junction,20.9906,2148.93,543.97
689,n689,junction,26.2324,2249.12,671.84
690,n690,junction,26.2995,2298.14,668.85
691,n691,junction,20.4792,2084.82,442.56
692,n692,junction,34.181,2441.95,996.02
693,n693,junction,34.323,2490.13,1007.01
694,n694,junction,34.465,2538.32,1018.0
695,n695,junction,34.6069,2586.51,1028.99
696,n696,junction,34.7489,2634.69,1039.98
697,n697,junction,20.2449,2118.1,403.1
698,n698,junction,20.3531,2159.96,403.23
699,n699,junction,24.5476,2246.41,600.15
700,n700,junction,24.5862,2294.22,596.98
701,n701,junction,32.9247,2452.31,948.07
702,n702,junction,32.9845,2495.43,957.88
703,n703,junction,22.9922,2242.12,535.04
704,n704,junction,23.5364,2288.94,530.9
705,n705,junction,24.0805,2335.04,529.47
706,n706,junction,21.6881,2231.84,492.67
707,n707,junction,21.1078,2199.37,455.13
708,n708,junction,31.0475,2487.09,884.88
709,n709,junction,30.3159,2481.92,831.1
710,n710,junction,30.1369,2534.72,829.27
711,n711,junction,29.9578,2587.5,827.44
712,n712,junction,29.7788,2640.3,825.61
713,n713,junction,20.6779,2248.82,402.02
714,n714,junction,20.8947,2295.81,400.66
715,n715,junction,21.1114,2342.81,399.31
716,n716,junction,21.3281,2389.8,397.95
717,n717,junction,21.5449,2436.8,396.6
718,n718,junction,28.921,2473.87,784.38
719,n719,junction,28.8032,2522.0,782.19
720,n720,junction,28.6854,2570.13,779.99
721,n721,junction,28.5676,2618.27,777.79
722,n722,junction,28.4498,2666.4,775.59
723,n723,junction,28.332,2714.53,773.4
724,n724,junction,33.0223,2588.98,979.19
725,n725,junction,33.0001,2646.7,993.94
726,n726,junction,27.3736,2459.66,718.99
727,n727,junction,27.3008,2510.41,716.11
728,n728,junction,27.2281,2561.15,713.22
729,n729,junction,27.1553,2611.89,710.35
730,n730,junction,27.0826,2662.64,707.46
731,n731,junction,27.0098,2713.39,704.58
732,n732,junction,26.6199,2449.91,666.37
733,n733,junction,25.5195,2409.48,622.7
734,n734,junction,24.5197,2405.53,564.31
735,n735,junction,31.0251,2594.19,889.35
736,n736,junction,31.2227,2641.08,894.72
737,n737,junction,32.5873,2625.09,931.94
738,n738,junction,33.5907,2706.11,999.69
739,n739,junction,32.2906,2727.17,950.91
740,n740,junction,30.9904,2740.36,904.38
741,n741,junction,26.6121,2534.19,661.42
742,n742,junction,26.5037,2581.0,658.66
743,n743,junction,26.3954,2627.82,655.9
744,n744,junction,26.287,2674.62,653.14
745,n745,junction,26.1786,2721.42,650.38
746,n746,junction,33.9145,2753.41,1018.17
747,n747,junction,33.0513,2771.3,975.8
748,n748,junction,32.1881,2789.58,940.06
749,n749,junction,31.3249,2802.18,898.45
750,n750,junction,22.8362,2412.37,471.08
751,n751,junction,25.4005,2531.97,598.27
752,n752,junction,25.3141,2580.23,594.98
753,n753,junction,25.2277,2628.5,591.7
754,n754,junction,25.1414,2676.76,588.4
755,n755,junction,25.055,2725.02,585.11
756,n756,junction,23.6439,2525.67,543.31
757,n757,junction,23.6039,2570.71,540.48
758,n758,junction,30.5101,2690.54,861.93
759,n759,junction,22.9823,2518.25,496.5
760,n760,junction,22.1832,2516.01,442.21
761,n761,junction,21.8293,2522.09,396.82
762,n762,junction,23.1804,2612.76,495.03
763,n763,junction,23.8108,2670.96,532.39
764,n764,junction,24.0578,2708.51,543.91
765,n765,junction,29.5921,2814.63,805.61
766,n766,junction,28.7224,2818.1,754.79
767,n767,junction,27.8528,2821.57,703.97
768,n768,junction,26.9832,2825.03,653.13
769,n769,junction,26.1136,2828.5,602.31
770,n770,junction,25.2439,2831.97,551.49
771,n771,junction,21.9296,2614.73,390.2
772,n772,junction,21.9622,2669.1,381.98
773,n773,junction,21.9948,2723.45,373.77
774,n774,junction,23.65,2828.16,456.05
775,n775,junction,22.4765,2808.79,364.69
776,n776,junction,28.775,1356.19,927.44
777,n777,junction,25.5,1561.01,740.81
778,n778,junction,27.92,1487.17,801.53
779,n779,junction,27.64,1452.46,826.63
780,n780,junction,26.4,1487.84,761.07
781,n781,junction,24.6,1440.88,763.0
782,n782,junction,25.08,1404.56,807.26
783,1,junction,0.0,573.636,1144.003
784,R1,reservoir,0,2760.32,1079.74
785,R2,reservoir,0,444.86,806.31
786,T1,tank,98.68,571.307,1139.126
