node_id,demand_1,demand_2,demand_3,demand_4,demand_5,demand_6,demand_7,demand_8,demand_9,demand_10,demand_11,demand_12,demand_13,demand_14,demand_15,demand_16,demand_17,demand_18,demand_19,demand_20,demand_21,demand_22,demand_23,demand_24
1,6.6000002e-06,3.6000001e-06,3.6000001e-06,3.6000001e-06,3.6000001e-06,5.1000006e-06,2.01e-05,2.37e-05,1.6200001e-05,1.29e-05,1.14e-05,1.07999995e-05,1.11e-05,1.11e-05,1.07999995e-05,1.32000005e-05,1.65e-05,2.0400003e-05,2.6100002e-05,2.79e-05,3.0000001e-05,2.3100001e-05,1.4100001e-05,6.6000002e-06
2,0.0001595,8.7e-05,8.7e-05,8.7e-05,8.7e-05,0.00012325,0.00048575,0.00057275,0.0003915,0.00031175002,0.0002755,0.000261,0.00026825,0.00026825,0.000261,0.000319,0.00039875,0.000493,0.00063075003,0.00067425,0.00072500005,0.00055825,0.00034075003,0.0001595
3,0.00056430005,0.00030780002,0.00030780002,0.00030780002,0.00030780002,0.00043605003,0.0017185501,0.00202635,0.0013851001,0.0011029501,0.00097470003,0.0009234001,0.00094905007,0.00094905007,0.0009234001,0.0011286001,0.0014107501,0.0017442001,0.0022315502,0.00238545,0.002565,0.0019750502,0.00120555,0.00056430005
4,0.00030360004,0.00016560001,0.00016560001,0.00016560001,0.00016560001,0.00023460001,0.00092460006,0.0010902,0.0007452,0.00059340004,0.00052440003,0.00049680006,0.0005106,0.0005106,0.00049680006,0.0006072001,0.000759,0.00093840004,0.0012006001,0.0012834,0.00138,0.0010626001,0.0006486,0.00030360004
5,0.000105600004,5.7600002e-05,5.7600002e-05,5.7600002e-05,5.7600002e-05,8.160001e-05,0.0003216,0.0003792,0.00025920002,0.0002064,0.0001824,0.00017279999,0.0001776,0.0001776,0.00017279999,0.00021120001,0.000264,0.00032640004,0.00041760004,0.0004464,0.00048000002,0.00036960002,0.00022560002,0.000105600004
6,8.5800006e-05,4.6800003e-05,4.6800003e-05,4.6800003e-05,4.6800003e-05,6.63e-05,0.0002613,0.00030810002,0.00021060002,0.0001677,0.00014820001,0.00014039999,0.00014430001,0.00014430001,0.00014039999,0.00017160001,0.0002145,0.0002652,0.00033930002,0.00036270003,0.00039,0.00030030002,0.0001833,8.5800006e-05
7,0.000113300004,6.1800005e-05,6.1800005e-05,6.1800005e-05,6.1800005e-05,8.7550005e-05,0.00034505004,0.00040685,0.00027810002,0.00022145,0.0001957,0.00018540001,0.00019055001,0.00019055001,0.00018540001,0.00022660001,0.00028325,0.00035020002,0.00044805,0.00047895004,0.000515,0.00039655002,0.00024205001,0.000113300004
8,0.0002332,0.0001272,0.0001272,0.0001272,0.0001272,0.0001802,0.00071020005,0.00083740003,0.00057240005,0.00045580004,0.0004028,0.00038160002,0.00039220002,0.00039220002,0.00038160002,0.0004664,0.000583,0.0007208,0.0009222001,0.0009858,0.0010600002,0.00081620004,0.00049820007,0.0002332
9,0.00012760001,6.9600006e-05,6.9600006e-05,6.9600006e-05,6.9600006e-05,9.86e-05,0.00038860002,0.00045820003,0.0003132,0.0002494,0.00022040002,0.00020880002,0.00021460002,0.00021460002,0.00020880002,0.00025520002,0.000319,0.0003944,0.0005046,0.00053940003,0.00058,0.00044660002,0.0002726,0.00012760001
10,0.0001958,0.000106800006,0.000106800006,0.000106800006,0.000106800006,0.0001513,0.00059630006,0.0007031,0.00048060005,0.0003827,0.0003382,0.00032040002,0.00032930003,0.00032930003,0.00032040002,0.0003916,0.00048950006,0.0006052,0.0007743,0.0008277001,0.00089,0.00068530004,0.0004183,0.0001958
11,4.84e-05,2.6400001e-05,2.6400001e-05,2.6400001e-05,2.6400001e-05,3.74e-05,0.00014740002,0.00017380001,0.0001188,9.460001e-05,8.36e-05,7.920001e-05,8.14e-05,8.14e-05,7.920001e-05,9.68e-05,0.000121000005,0.0001496,0.0001914,0.00020460002,0.00022000002,0.00016940001,0.0001034,4.84e-05
12,3.3000001e-06,1.8000001e-06,1.8000001e-06,1.8000001e-06,1.8000001e-06,2.5500003e-06,1.005e-05,1.185e-05,8.100001e-06,6.45e-06,5.7e-06,5.3999997e-06,5.55e-06,5.55e-06,5.3999997e-06,6.6000002e-06,8.25e-06,1.0200001e-05,1.3050001e-05,1.395e-05,1.50000005e-05,1.1550001e-05,7.0500005e-06,3.3000001e-06
13,6.27e-05,3.4200002e-05,3.4200002e-05,3.4200002e-05,3.4200002e-05,4.845e-05,0.00019095001,0.00022515,0.00015390001,0.00012255,0.0001083,0.0001026,0.00010545001,0.00010545001,0.0001026,0.0001254,0.00015675,0.0001938,0.00024795003,0.00026505,0.00028500002,0.00021945001,0.00013395002,6.27e-05
14,3.9600003e-05,2.1599999e-05,2.1599999e-05,2.1599999e-05,2.1599999e-05,3.06e-05,0.0001206,0.0001422,9.7200005e-05,7.74e-05,6.8400004e-05,6.4800006e-05,6.6600005e-05,6.6600005e-05,6.4800006e-05,7.920001e-05,9.9000004e-05,0.0001224,0.0001566,0.00016740001,0.00018000002,0.00013860001,8.4600004e-05,3.9600003e-05
15,0.000363,0.00019800001,0.00019800001,0.00019800001,0.00019800001,0.0002805,0.0011055,0.0013035,0.0008910001,0.00070950005,0.000627,0.000594,0.00061050005,0.00061050005,0.000594,0.000726,0.0009075001,0.001122,0.0014355001,0.0015345,0.0016500002,0.0012705001,0.0007755,0.000363
16,3.3000001e-06,1.8000001e-06,1.8000001e-06,1.8000001e-06,1.8000001e-06,2.5500003e-06,1.005e-05,1.185e-05,8.100001e-06,6.45e-06,5.7e-06,5.3999997e-06,5.55e-06,5.55e-06,5.3999997e-06,6.6000002e-06,8.25e-06,1.0200001e-05,1.3050001e-05,1.395e-05,1.50000005e-05,1.1550001e-05,7.0500005e-06,3.3000001e-06
17,0.000231,0.00012600001,0.00012600001,0.00012600001,0.00012600001,0.00017850002,0.00070350006,0.0008295,0.000567,0.00045150006,0.000399,0.000378,0.0003885,0.0003885,0.000378,0.000462,0.00057750003,0.0007140001,0.00091350003,0.00097650004,0.00105,0.00080850004,0.00049350003,0.000231
18,0.0005137,0.0002802,0.0002802,0.0002802,0.0002802,0.00039695002,0.0015644501,0.0018446501,0.0012609,0.00100405,0.00088730006,0.00084060006,0.00086395006,0.00086395006,0.00084060006,0.0010274,0.0012842501,0.0015878001,0.0020314502,0.0021715502,0.002335,0.0017979501,0.00109745,0.0005137
19,0.0,0.0,0.0,0.0,0.0,0.0,0.0,0.0,0.0,0.0,0.0,0.0,0.0,0.0,0.0,0.0,0.0,0.0,0.0,0.0,0.0,0.0,0.0,0.0
20,0.00016830002,9.180001e-05,9.180001e-05,9.180001e-05,9.180001e-05,0.00013005,0.00051255,0.00060435006,0.00041310003,0.00032895,0.00029070003,0.0002754,0.00028305,0.00028305,0.0002754,0.00033660003,0.00042075,0.0005202,0.00066555,0.00071145,0.00076500006,0.00058905,0.00035955,0.00016830002
21,0.0005071,0.0002766,0.0002766,0.0002766,0.0002766,0.00039185002,0.0015443501,0.0018209501,0.0012447,0.00099115,0.0008759001,0.00082980003,0.00085285,0.00085285,0.00082980003,0.0010142,0.00126775,0.0015674001,0.00200535,0.00214365,0.002305,0.0017748501,0.0010833502,0.0005071
22,0.0001166,6.36e-05,6.36e-05,6.36e-05,6.36e-05,9.01e-05,0.00035510003,0.00041870002,0.00028620003,0.00022790002,0.0002014,0.00019080001,0.00019610001,0.00019610001,0.00019080001,0.0002332,0.0002915,0.0003604,0.00046110005,0.0004929,0.0005300001,0.00040810002,0.00024910003,0.0001166
23,0.0001452,7.920001e-05,7.920001e-05,7.920001e-05,7.920001e-05,0.000112199996,0.00044220002,0.00052140007,0.0003564,0.0002838,0.0002508,0.0002376,0.0002442,0.0002442,0.0002376,0.0002904,0.000363,0.00044879998,0.0005742,0.0006138,0.0006600001,0.0005082,0.00031020003,0.0001452
24,0.00030140002,0.0001644,0.0001644,0.0001644,0.0001644,0.00023290001,0.0009179,0.0010823,0.0007398,0.0005891,0.0005206,0.00049320003,0.0005069,0.0005069,0.00049320003,0.00060280005,0.0007535001,0.00093160005,0.0011919001,0.0012741,0.0013700001,0.0010549,0.0006439001,0.00030140002
25,6.49e-05,3.54e-05,3.54e-05,3.54e-05,3.54e-05,5.0150004e-05,0.00019765,0.00023305003,0.0001593,0.00012685,0.00011210001,0.00010620001,0.00010915,0.00010915,0.00010620001,0.0001298,0.00016225,0.00020060001,0.00025665,0.00027435,0.00029500003,0.00022715001,0.00013865001,6.49e-05
26,4.9500002e-05,2.7000002e-05,2.7000002e-05,2.7000002e-05,2.7000002e-05,3.8250004e-05,0.00015075001,0.00017775001,0.00012150001,9.675001e-05,8.55e-05,8.1000006e-05,8.325001e-05,8.325001e-05,8.1000006e-05,9.9000004e-05,0.00012375001,0.00015300002,0.00019575,0.00020924999,0.00022500003,0.00017325001,0.000105750005,4.9500002e-05
27,7.0400005e-05,3.8400005e-05,3.8400005e-05,3.8400005e-05,3.8400005e-05,5.44e-05,0.0002144,0.0002528,0.00017279999,0.00013760001,0.00012160001,0.000115200004,0.0001184,0.0001184,0.000115200004,0.00014080001,0.000176,0.0002176,0.00027840002,0.00029760003,0.00032000002,0.0002464,0.00015040001,7.0400005e-05
28,0.0007821001,0.0004266,0.0004266,0.0004266,0.0004266,0.00060435006,0.00238185,0.00280845,0.0019197001,0.00152865,0.0013509,0.0012798,0.00131535,0.00131535,0.0012798,0.0015642002,0.00195525,0.0024174002,0.00309285,0.0033061504,0.003555,0.00273735,0.00167085,0.0007821001
29,0.00010230001,5.58e-05,5.58e-05,5.58e-05,5.58e-05,7.9050005e-05,0.00031155001,0.00036735,0.00025110002,0.00019995002,0.00017670002,0.00016740001,0.00017205,0.00017205,0.00016740001,0.00020460002,0.00025575003,0.00031620002,0.00040455,0.00043245,0.000465,0.00035805002,0.00021855,0.00010230001
30,4.4000003e-06,2.4000003e-06,2.4000003e-06,2.4000003e-06,2.4000003e-06,3.4e-06,1.34e-05,1.58e-05,1.07999995e-05,8.600001e-06,7.6000006e-06,7.2000003e-06,7.4e-06,7.4e-06,7.2000003e-06,8.800001e-06,1.1e-05,1.36e-05,1.7400002e-05,1.8600002e-05,2.0000001e-05,1.54e-05,9.400001e-06,4.4000003e-06
31,2.2000002e-06,1.2000002e-06,1.2000002e-06,1.2000002e-06,1.2000002e-06,1.7e-06,6.7e-06,7.9e-06,5.3999997e-06,4.3000005e-06,3.8000003e-06,3.6000001e-06,3.7e-06,3.7e-06,3.6000001e-06,4.4000003e-06,5.5e-06,6.8e-06,8.700001e-06,9.300001e-06,1.0000001e-05,7.7e-06,4.7000003e-06,2.2000002e-06
32,0.0003223,0.0001758,0.0001758,0.0001758,0.0001758,0.00024905,0.0009815501,0.00115735,0.0007911001,0.00062995,0.0005567,0.00052740006,0.00054205005,0.00054205005,0.00052740006,0.0006446,0.00080575,0.0009962,0.00127455,0.0013624501,0.0014650001,0.00112805,0.00068855,0.0003223
33,0.0002574,0.00014039999,0.00014039999,0.00014039999,0.00014039999,0.00019890002,0.00078390003,0.0009243,0.00063180004,0.0005031,0.0004446,0.00042120003,0.00043290004,0.00043290004,0.00042120003,0.0005148,0.00064350007,0.00079560006,0.0010179001,0.0010881,0.0011700001,0.0009009,0.0005499,0.0002574
34,0.00021340001,0.000116400006,0.000116400006,0.000116400006,0.000116400006,0.00016490002,0.00064990006,0.0007663001,0.00052380003,0.0004171,0.00036860004,0.0003492,0.00035890003,0.00035890003,0.0003492,0.00042680002,0.0005335,0.0006596001,0.0008439001,0.00090210006,0.00097000005,0.00074690004,0.00045590004,0.00021340001
35,0.0001309,7.1400005e-05,7.1400005e-05,7.1400005e-05,7.1400005e-05,0.000101150006,0.00039865004,0.00047005003,0.0003213,0.00025585,0.0002261,0.00021420002,0.00022015,0.00022015,0.00021420002,0.0002618,0.00032725002,0.00040460002,0.00051765004,0.0005533501,0.000595,0.00045815003,0.00027965,0.0001309
36,0.00015510002,8.4600004e-05,8.4600004e-05,8.4600004e-05,8.4600004e-05,0.00011985,0.00047235,0.00055695,0.00038070002,0.00030315,0.00026790003,0.0002538,0.00026085,0.00026085,0.0002538,0.00031020003,0.00038775,0.0004794,0.0006133501,0.00065565004,0.000705,0.00054285006,0.00033135002,0.00015510002
37,0.00032780002,0.00017880001,0.00017880001,0.00017880001,0.00017880001,0.00025330004,0.0009983,0.0011771001,0.0008046,0.0006407,0.00056620006,0.0005364,0.0005513,0.0005513,0.0005364,0.00065560004,0.0008195,0.0010132001,0.0012963001,0.0013857001,0.00149,0.0011473,0.00070030004,0.00032780002
38,0.00023210002,0.0001266,0.0001266,0.0001266,0.0001266,0.00017935,0.0007068501,0.00083345006,0.00056970003,0.00045365002,0.0004009,0.0003798,0.00039035003,0.00039035003,0.0003798,0.00046420004,0.00058025,0.0007174,0.00091785,0.0009811501,0.001055,0.00081235,0.00049585,0.00023210002
39,0.0008514,0.00046440004,0.00046440004,0.00046440004,0.00046440004,0.0006579,0.0025929,0.0030573,0.0020898003,0.0016641001,0.0014706,0.0013932001,0.0014319001,0.0014319001,0.0013932001,0.0017028,0.0021285,0.0026316,0.0033669001,0.0035991003,0.0038700001,0.0029799,0.0018189,0.0008514
40,0.00047190004,0.0002574,0.0002574,0.0002574,0.0002574,0.00036465,0.0014371501,0.00169455,0.0011583001,0.00092235004,0.0008151,0.0007722,0.00079365,0.00079365,0.0007722,0.0009438001,0.0011797502,0.0014586,0.00186615,0.00199485,0.002145,0.0016516501,0.0010081502,0.00047190004
41,0.0008558,0.00046680003,0.00046680003,0.00046680003,0.00046680003,0.00066130003,0.0026063,0.0030731,0.0021006002,0.0016727002,0.0014782001,0.0014004001,0.0014393001,0.0014393001,0.0014004001,0.0017116,0.0021395,0.0026452001,0.0033843,0.0036177,0.0038900003,0.0029953,0.0018283001,0.0008558
42,0.00041250006,0.00022500003,0.00022500003,0.00022500003,0.00022500003,0.00031875,0.00125625,0.00148125,0.0010125001,0.00080625,0.00071250007,0.00067499996,0.00069375004,0.00069375004,0.00067499996,0.0008250001,0.00103125,0.001275,0.0016312501,0.0017437501,0.0018750001,0.0014437501,0.0008812501,0.00041250006
43,0.00026070004,0.0001422,0.0001422,0.0001422,0.0001422,0.00020145002,0.00079395005,0.00093615,0.0006399,0.00050955004,0.0004503,0.0004266,0.00043845002,0.00043845002,0.0004266,0.00052140007,0.00065175,0.0008058001,0.0010309501,0.00110205,0.0011850002,0.00091245,0.00055695,0.00026070004
44,0.00015620001,8.520001e-05,8.520001e-05,8.520001e-05,8.520001e-05,0.00012070001,0.0004757,0.0005609001,0.0003834,0.00030530005,0.00026980002,0.00025560003,0.0002627,0.0002627,0.00025560003,0.00031240002,0.00039050003,0.00048280004,0.00061770005,0.00066029996,0.00071,0.00054670003,0.0003337,0.00015620001
45,3.5200002e-05,1.9200002e-05,1.9200002e-05,1.9200002e-05,1.9200002e-05,2.72e-05,0.0001072,0.0001264,8.6399996e-05,6.880001e-05,6.0800005e-05,5.7600002e-05,5.92e-05,5.92e-05,5.7600002e-05,7.0400005e-05,8.8e-05,0.0001088,0.00013920001,0.00014880001,0.00016000001,0.0001232,7.5200005e-05,3.5200002e-05
46,0.0001254,6.8400004e-05,6.8400004e-05,6.8400004e-05,6.8400004e-05,9.69e-05,0.00038190003,0.0004503,0.00030780002,0.0002451,0.0002166,0.0002052,0.00021090002,0.00021090002,0.0002052,0.0002508,0.0003135,0.0003876,0.00049590005,0.0005301,0.00057000003,0.00043890002,0.00026790003,0.0001254
47,0.0001353,7.38e-05,7.38e-05,7.38e-05,7.38e-05,0.00010455001,0.00041205002,0.00048585003,0.00033210003,0.00026445003,0.00023370002,0.00022140001,0.00022755002,0.00022755002,0.00022140001,0.0002706,0.00033824999,0.00041820004,0.00053505,0.00057195005,0.00061499997,0.00047355003,0.00028905002,0.0001353
48,0.00015070001,8.22e-05,8.22e-05,8.22e-05,8.22e-05,0.000116450006,0.00045895,0.00054115,0.0003699,0.00029455,0.0002603,0.00024660002,0.00025345,0.00025345,0.00024660002,0.00030140002,0.00037675005,0.00046580003,0.00059595006,0.00063705,0.00068500004,0.00052745,0.00032195004,0.00015070001
49,0.0001298,7.08e-05,7.08e-05,7.08e-05,7.08e-05,0.00010030001,0.0003953,0.00046610006,0.0003186,0.0002537,0.00022420002,0.00021240002,0.0002183,0.0002183,0.00021240002,0.0002596,0.0003245,0.00040120003,0.0005133,0.0005487,0.00059000007,0.00045430003,0.00027730002,0.0001298
50,0.00019910002,0.00010860001,0.00010860001,0.00010860001,0.00010860001,0.00015385001,0.00060635,0.00071495003,0.00048870005,0.00038915005,0.00034390003,0.0003258,0.00033485002,0.00033485002,0.0003258,0.00039820003,0.00049775006,0.00061540003,0.00078735006,0.00084165006,0.0009050001,0.00069685,0.00042535004,0.00019910002
51,0.000106700005,5.8200003e-05,5.8200003e-05,5.8200003e-05,5.8200003e-05,8.245001e-05,0.00032495003,0.00038315004,0.00026190002,0.00020855,0.00018430002,0.0001746,0.00017945001,0.00017945001,0.0001746,0.00021340001,0.00026675,0.00032980004,0.00042195004,0.00045105003,0.00048500003,0.00037345002,0.00022795002,0.000106700005
52,6.0500002e-05,3.3e-05,3.3e-05,3.3e-05,3.3e-05,4.675e-05,0.00018425,0.00021725,0.0001485,0.00011825001,0.00010450001,9.9000004e-05,0.00010175,0.00010175,9.9000004e-05,0.000121000005,0.00015125,0.000187,0.00023925002,0.00025575003,0.00027500003,0.00021175001,0.00012925001,6.0500002e-05
53,0.0003047,0.0001662,0.0001662,0.0001662,0.0001662,0.00023545002,0.0009279501,0.00109415,0.0007479,0.00059555005,0.00052630005,0.0004986,0.00051245006,0.00051245006,0.0004986,0.0006094,0.00076175004,0.00094180007,0.00120495,0.0012880501,0.0013850001,0.00106645,0.00065095007,0.0003047
54,7.1500006e-05,3.9000002e-05,3.9000002e-05,3.9000002e-05,3.9000002e-05,5.5250002e-05,0.00021775001,0.00025675,0.00017550001,0.00013975002,0.00012350001,0.000117,0.00012025,0.00012025,0.000117,0.00014300001,0.00017875001,0.00022100001,0.00028275,0.00030225,0.00032500003,0.00025025,0.00015275001,7.1500006e-05
55,0.00015180002,8.2800005e-05,8.2800005e-05,8.2800005e-05,8.2800005e-05,0.000117300006,0.00046230003,0.0005451,0.0003726,0.00029670002,0.00026220002,0.00024840003,0.0002553,0.0002553,0.00024840003,0.00030360004,0.0003795,0.00046920002,0.00060030003,0.0006417,0.00069,0.00053130003,0.0003243,0.00015180002
56,0.00091080007,0.00049680006,0.00049680006,0.00049680006,0.00049680006,0.00070380006,0.0027738002,0.0032706002,0.0022356,0.0017802,0.0015732001,0.0014904,0.0015318001,0.0015318001,0.0014904,0.0018216001,0.002277,0.0028152002,0.0036018,0.0038502002,0.00414,0.0031878,0.0019458001,0.00091080007
57,0.0001342,7.3200004e-05,7.3200004e-05,7.3200004e-05,7.3200004e-05,0.000103700004,0.00040870003,0.00048190003,0.00032939998,0.0002623,0.0002318,0.00021960001,0.00022570002,0.00022570002,0.00021960001,0.0002684,0.00033550002,0.00041480002,0.00053069997,0.0005673,0.00061000005,0.00046970003,0.00028670003,0.0001342
58,0.00042350002,0.000231,0.000231,0.000231,0.000231,0.00032725002,0.00128975,0.0015207501,0.0010395,0.0008277501,0.00073150004,0.00069300004,0.00071225,0.00071225,0.00069300004,0.00084700005,0.0010587501,0.0013090001,0.00167475,0.0017902501,0.001925,0.00148225,0.00090475,0.00042350002
59,0.0002882,0.0001572,0.0001572,0.0001572,0.0001572,0.00022270001,0.0008777,0.0010349,0.0007074,0.00056330004,0.00049780007,0.00047160004,0.00048470005,0.00048470005,0.00047160004,0.0005764,0.0007205,0.00089080003,0.0011397,0.0012183001,0.00131,0.0010087001,0.00061570003,0.0002882
60,0.0003058,0.00016680002,0.00016680002,0.00016680002,0.00016680002,0.00023630001,0.0009313001,0.0010981001,0.00075060007,0.0005977,0.00052820006,0.0005004,0.0005143001,0.0005143001,0.0005004,0.0006116,0.00076450006,0.00094520004,0.0012093001,0.0012927001,0.0013900001,0.0010703,0.0006533,0.0003058
61,0.00017160001,9.360001e-05,9.360001e-05,9.360001e-05,9.360001e-05,0.0001326,0.0005226,0.00061620004,0.00042120003,0.0003354,0.00029640002,0.00028079998,0.00028860001,0.00028860001,0.00028079998,0.00034320002,0.000429,0.0005304,0.00067860004,0.00072540005,0.00078,0.00060060003,0.0003666,0.00017160001
62,0.00012760001,6.9600006e-05,6.9600006e-05,6.9600006e-05,6.9600006e-05,9.86e-05,0.00038860002,0.00045820003,0.0003132,0.0002494,0.00022040002,0.00020880002,0.00021460002,0.00021460002,0.00020880002,0.00025520002,0.000319,0.0003944,0.0005046,0.00053940003,0.00058,0.00044660002,0.0002726,0.00012760001
63,0.0001342,7.3200004e-05,7.3200004e-05,7.3200004e-05,7.3200004e-05,0.000103700004,0.00040870003,0.00048190003,0.00032939998,0.0002623,0.0002318,0.00021960001,0.00022570002,0.00022570002,0.00021960001,0.0002684,0.00033550002,0.00041480002,0.00053069997,0.0005673,0.00061000005,0.00046970003,0.00028670003,0.0001342
64,0.0003223,0.0001758,0.0001758,0.0001758,0.0001758,0.00024905,0.0009815501,0.00115735,0.0007911001,0.00062995,0.0005567,0.00052740006,0.00054205005,0.00054205005,0.00052740006,0.0006446,0.00080575,0.0009962,0.00127455,0.0013624501,0.0014650001,0.00112805,0.00068855,0.0003223
65,0.0001243,6.780001e-05,6.780001e-05,6.780001e-05,6.780001e-05,9.605e-05,0.00037855,0.00044635002,0.0003051,0.00024295002,0.0002147,0.0002034,0.00020905,0.00020905,0.0002034,0.0002486,0.00031075,0.0003842,0.00049155,0.00052545004,0.00056500005,0.00043505002,0.00026555,0.0001243
66,0.0001232,6.720001e-05,6.720001e-05,6.720001e-05,6.720001e-05,9.5200005e-05,0.00037520003,0.00044240002,0.0003024,0.00024080001,0.00021280002,0.0002016,0.00020720002,0.00020720002,0.0002016,0.0002464,0.00030800002,0.00038080002,0.0004872,0.0005208,0.00056,0.00043120002,0.0002632,0.0001232
67,5.2800002e-05,2.8800001e-05,2.8800001e-05,2.8800001e-05,2.8800001e-05,4.0800005e-05,0.0001608,0.0001896,0.00012960001,0.0001032,9.12e-05,8.6399996e-05,8.88e-05,8.88e-05,8.6399996e-05,0.000105600004,0.000132,0.00016320002,0.00020880002,0.0002232,0.00024000001,0.00018480001,0.00011280001,5.2800002e-05
68,0.00015070001,8.22e-05,8.22e-05,8.22e-05,8.22e-05,0.000116450006,0.00045895,0.00054115,0.0003699,0.00029455,0.0002603,0.00024660002,0.00025345,0.00025345,0.00024660002,0.00030140002,0.00037675005,0.00046580003,0.00059595006,0.00063705,0.00068500004,0.00052745,0.00032195004,0.00015070001
69,0.0002486,0.00013560001,0.00013560001,0.00013560001,0.00013560001,0.0001921,0.0007571,0.00089270005,0.0006102,0.00048590003,0.0004294,0.0004068,0.0004181,0.0004181,0.0004068,0.0004972,0.0006215,0.0007684,0.0009831,0.0010509001,0.0011300001,0.00087010005,0.0005311,0.0002486
70,0.0001441,7.86e-05,7.86e-05,7.86e-05,7.86e-05,0.000111350004,0.00043885,0.00051745,0.0003537,0.00028165002,0.00024890003,0.00023580002,0.00024235003,0.00024235003,0.00023580002,0.0002882,0.00036025,0.00044540002,0.00056985,0.00060915004,0.000655,0.00050435006,0.00030785002,0.0001441
71,0.0001166,6.36e-05,6.36e-05,6.36e-05,6.36e-05,9.01e-05,0.00035510003,0.00041870002,0.00028620003,0.00022790002,0.0002014,0.00019080001,0.00019610001,0.00019610001,0.00019080001,0.0002332,0.0002915,0.0003604,0.00046110005,0.0004929,0.0005300001,0.00040810002,0.00024910003,0.0001166
72,4.18e-05,2.28e-05,2.28e-05,2.28e-05,2.28e-05,3.2300002e-05,0.0001273,0.0001501,0.0001026,8.1700004e-05,7.2200004e-05,6.8400004e-05,7.030001e-05,7.030001e-05,6.8400004e-05,8.36e-05,0.00010450001,0.00012920001,0.0001653,0.00017670002,0.00019,0.00014630001,8.93e-05,4.18e-05
73,0.0001936,0.000105600004,0.000105600004,0.000105600004,0.000105600004,0.0001496,0.00058960007,0.00069520005,0.0004752,0.00037840003,0.0003344,0.00031680003,0.0003256,0.0003256,0.00031680003,0.0003872,0.00048400002,0.0005984,0.0007656,0.00081840006,0.00088000007,0.00067760004,0.0004136,0.0001936
74,6.16e-05,3.3600005e-05,3.3600005e-05,3.3600005e-05,3.3600005e-05,4.7600002e-05,0.00018760002,0.00022120001,0.0001512,0.00012040001,0.00010640001,0.0001008,0.00010360001,0.00010360001,0.0001008,0.0001232,0.00015400001,0.00019040001,0.0002436,0.0002604,0.00028,0.00021560001,0.0001316,6.16e-05
75,0.0,0.0,0.0,0.0,0.0,0.0,0.0,0.0,0.0,0.0,0.0,0.0,0.0,0.0,0.0,0.0,0.0,0.0,0.0,0.0,0.0,0.0,0.0,0.0
76,0.00051040004,0.00027840002,0.00027840002,0.00027840002,0.00027840002,0.0003944,0.0015544001,0.0018328001,0.0012528,0.0009976,0.0008816001,0.0008352001,0.0008584001,0.0008584001,0.0008352001,0.0010208001,0.001276,0.0015776,0.0020184,0.0021576001,0.00232,0.0017864001,0.0010904,0.00051040004
77,0.000113300004,6.1800005e-05,6.1800005e-05,6.1800005e-05,6.1800005e-05,8.7550005e-05,0.00034505004,0.00040685,0.00027810002,0.00022145,0.0001957,0.00018540001,0.00019055001,0.00019055001,0.00018540001,0.00022660001,0.00028325,0.00035020002,0.00044805,0.00047895004,0.000515,0.00039655002,0.00024205001,0.000113300004
78,0.00033880002,0.00018480001,0.00018480001,0.00018480001,0.00018480001,0.0002618,0.0010317999,0.0012166,0.00083160005,0.0006622,0.00058520003,0.00055440003,0.0005698,0.0005698,0.00055440003,0.00067760004,0.00084700005,0.0010472,0.0013398001,0.0014322001,0.0015400001,0.0011858002,0.00072380004,0.00033880002
79,0.000176,9.6e-05,9.6e-05,9.6e-05,9.6e-05,0.000136,0.00053600007,0.00063200004,0.00043200003,0.000344,0.00030400002,0.000288,0.000296,0.000296,0.000288,0.000352,0.00044000003,0.000544,0.000696,0.0007440001,0.00080000004,0.00061600003,0.00037600004,0.000176
80,0.0004939,0.0002694,0.0002694,0.0002694,0.0002694,0.00038165002,0.0015041501,0.0017735502,0.0012123002,0.00096535,0.00085310003,0.00080820004,0.0008306501,0.0008306501,0.00080820004,0.0009878,0.0012347501,0.0015266001,0.00195315,0.00208785,0.002245,0.0017286502,0.00105515,0.0004939
81,0.00013750001,7.5e-05,7.5e-05,7.5e-05,7.5e-05,0.00010625,0.00041875002,0.00049375003,0.00033749998,0.00026875004,0.00023749999,0.00022500003,0.00023125001,0.00023125001,0.00022500003,0.00027500003,0.00034375003,0.000425,0.00054375,0.00058125006,0.00062500004,0.00048125,0.00029375,0.00013750001
82,9.57e-05,5.2200005e-05,5.2200005e-05,5.2200005e-05,5.2200005e-05,7.395e-05,0.00029145,0.00034365003,0.00023490001,0.00018705001,0.0001653,0.0001566,0.00016095002,0.00016095002,0.0001566,0.0001914,0.00023925002,0.0002958,0.00037845003,0.00040455,0.00043500002,0.00033495002,0.00020445,9.57e-05
83,7.920001e-05,4.3199998e-05,4.3199998e-05,4.3199998e-05,4.3199998e-05,6.12e-05,0.0002412,0.0002844,0.00019440001,0.0001548,0.00013680001,0.00012960001,0.00013320001,0.00013320001,0.00012960001,0.00015840001,0.00019800001,0.0002448,0.0003132,0.00033480002,0.00036000003,0.00027720002,0.00016920001,7.920001e-05
84,5.3900003e-05,2.9400004e-05,2.9400004e-05,2.9400004e-05,2.9400004e-05,4.1650004e-05,0.00016415001,0.00019355,0.00013229999,0.00010535,9.310001e-05,8.82e-05,9.0650006e-05,9.0650006e-05,8.82e-05,0.000107800006,0.00013475002,0.00016660002,0.00021315002,0.00022785002,0.000245,0.00018865001,0.000115150004,5.3900003e-05
85,0.00043120002,0.00023520003,0.00023520003,0.00023520003,0.00023520003,0.00033320003,0.0013132001,0.0015484,0.0010583999,0.0008428,0.0007448001,0.0007056,0.00072520005,0.00072520005,0.0007056,0.00086240005,0.0010780002,0.0013328001,0.0017052002,0.0018228001,0.00196,0.0015092001,0.00092120003,0.00043120002
86,0.0001034,5.6400004e-05,5.6400004e-05,5.6400004e-05,5.6400004e-05,7.9900004e-05,0.00031489998,0.00037130003,0.0002538,0.0002021,0.0001786,0.00016920001,0.0001739,0.0001739,0.00016920001,0.0002068,0.00025850002,0.00031960002,0.0004089,0.0004371,0.00047000003,0.00036190002,0.00022090001,0.0001034
87,0.00036630002,0.00019980001,0.00019980001,0.00019980001,0.00019980001,0.00028305,0.00111555,0.00131535,0.00089910004,0.00071595004,0.0006327,0.0005994,0.00061605003,0.00061605003,0.0005994,0.00073260005,0.00091575,0.0011322,0.00144855,0.0015484501,0.001665,0.00128205,0.0007825501,0.00036630002
88,0.00045870006,0.0002502,0.0002502,0.0002502,0.0002502,0.00035445,0.0013969501,0.0016471501,0.0011259001,0.00089655,0.00079230004,0.00075060007,0.00077145,0.00077145,0.00075060007,0.0009174001,0.0011467501,0.0014178,0.00181395,0.0019390502,0.002085,0.0016054501,0.0009799501,0.00045870006
89,0.00015840001,8.6399996e-05,8.6399996e-05,8.6399996e-05,8.6399996e-05,0.0001224,0.0004824,0.0005688,0.00038880002,0.0003096,0.00027360002,0.00025920002,0.00026640002,0.00026640002,0.00025920002,0.00031680003,0.00039600002,0.0004896,0.0006264,0.00066960003,0.00072000007,0.00055440003,0.00033840002,0.00015840001
90,0.00020240001,0.000110400004,0.000110400004,0.000110400004,0.000110400004,0.0001564,0.00061640004,0.00072680006,0.00049680006,0.00039560004,0.00034960004,0.00033120002,0.0003404,0.0003404,0.00033120002,0.00040480003,0.000506,0.0006256,0.0008004,0.00085560005,0.0009200001,0.0007084,0.0004324,0.00020240001
91,0.00022000002,0.000120000004,0.000120000004,0.000120000004,0.000120000004,0.00017000001,0.00067000004,0.0007900001,0.00054000004,0.00043000001,0.00038,0.00036000003,0.00037000002,0.00037000002,0.00036000003,0.00044000003,0.00055000006,0.00068000006,0.00087000005,0.00093,0.0009999999,0.00077000004,0.00047000003,0.00022000002
92,0.0002464,0.00013440002,0.00013440002,0.00013440002,0.00013440002,0.00019040001,0.00075040007,0.00088480004,0.0006048,0.00048160003,0.00042560004,0.0004032,0.00041440004,0.00041440004,0.0004032,0.0004928,0.00061600003,0.00076160004,0.0009744,0.0010416,0.00112,0.00086240005,0.0005264,0.0002464
93,2.2e-05,1.2e-05,1.2e-05,1.2e-05,1.2e-05,1.7e-05,6.700001e-05,7.9000005e-05,5.4000004e-05,4.3e-05,3.8000002e-05,3.6e-05,3.7e-05,3.7e-05,3.6e-05,4.4e-05,5.5000004e-05,6.8e-05,8.7e-05,9.300001e-05,0.000100000005,7.7000004e-05,4.7000005e-05,2.2e-05
94,0.0002497,0.00013620002,0.00013620002,0.00013620002,0.00013620002,0.00019295,0.00076045,0.0008966501,0.00061290007,0.00048805002,0.00043130002,0.00040860003,0.00041995,0.00041995,0.00040860003,0.0004994,0.00062425004,0.0007718,0.0009874501,0.0010555501,0.001135,0.00087395,0.00053345005,0.0002497
95,0.00015840001,8.6399996e-05,8.6399996e-05,8.6399996e-05,8.6399996e-05,0.0001224,0.0004824,0.0005688,0.00038880002,0.0003096,0.00027360002,0.00025920002,0.00026640002,0.00026640002,0.00025920002,0.00031680003,0.00039600002,0.0004896,0.0006264,0.00066960003,0.00072000007,0.00055440003,0.00033840002,0.00015840001
96,0.0002937,0.00016020001,0.00016020001,0.00016020001,0.00016020001,0.00022695001,0.00089445,0.0010546502,0.0007209,0.00057405006,0.00050729996,0.00048060005,0.00049395,0.00049395,0.00048060005,0.0005874,0.00073425006,0.00090780004,0.00116145,0.0012415502,0.0013350002,0.0010279501,0.00062745,0.0002937
97,6.6e-05,3.6e-05,3.6e-05,3.6e-05,3.6e-05,5.1000003e-05,0.00020100002,0.00023700001,0.00016200001,0.000129,0.000113999995,0.00010800001,0.00011100001,0.00011100001,0.00010800001,0.000132,0.00016500002,0.00020400001,0.000261,0.00027900003,0.0003,0.000231,0.000141,6.6e-05
98,0.00030360004,0.00016560001,0.00016560001,0.00016560001,0.00016560001,0.00023460001,0.00092460006,0.0010902,0.0007452,0.00059340004,0.00052440003,0.00049680006,0.0005106,0.0005106,0.00049680006,0.0006072001,0.000759,0.00093840004,0.0012006001,0.0012834,0.00138,0.0010626001,0.0006486,0.00030360004
99,5.5e-06,3e-06,3e-06,3e-06,3e-06,4.25e-06,1.6750002e-05,1.9750001e-05,1.3500001e-05,1.075e-05,9.5000005e-06,9e-06,9.25e-06,9.25e-06,9e-06,1.1e-05,1.3750001e-05,1.7e-05,2.175e-05,2.3250002e-05,2.5000001e-05,1.9250001e-05,1.1750001e-05,5.5e-06
100,0.00022660001,0.00012360001,0.00012360001,0.00012360001,0.00012360001,0.00017510001,0.0006901001,0.0008137,0.00055620004,0.0004429,0.0003914,0.00037080003,0.00038110002,0.00038110002,0.00037080003,0.00045320002,0.0005665,0.00070040004,0.0008961,0.0009579001,0.00103,0.00079310004,0.00048410002,0.00022660001
101,0.00035090002,0.0001914,0.0001914,0.0001914,0.0001914,0.00027115,0.00106865,0.00126005,0.00086130004,0.00068585004,0.0006061001,0.0005742,0.00059015,0.00059015,0.0005742,0.00070180005,0.00087725004,0.0010846,0.0013876499,0.0014833501,0.001595,0.0012281501,0.00074965006,0.00035090002
102,0.00051589997,0.00028140002,0.00028140002,0.00028140002,0.00028140002,0.00039865004,0.0015711501,0.0018525502,0.0012663,0.0010083499,0.0008911001,0.00084419997,0.00086765003,0.00086765003,0.00084419997,0.0010317999,0.00128975,0.0015946002,0.00204015,0.0021808501,0.0023450002,0.0018056502,0.0011021501,0.00051589997
103,0.000187,0.000102000005,0.000102000005,0.000102000005,0.000102000005,0.00014450001,0.0005695,0.00067150005,0.000459,0.00036550002,0.000323,0.00030600003,0.0003145,0.0003145,0.00030600003,0.000374,0.00046750007,0.00057800004,0.00073950004,0.0007905,0.00085,0.00065450004,0.00039950002,0.000187
104,2.2000002e-06,1.2000002e-06,1.2000002e-06,1.2000002e-06,1.2000002e-06,1.7e-06,6.7e-06,7.9e-06,5.3999997e-06,4.3000005e-06,3.8000003e-06,3.6000001e-06,3.7e-06,3.7e-06,3.6000001e-06,4.4000003e-06,5.5e-06,6.8e-06,8.700001e-06,9.300001e-06,1.0000001e-05,7.7e-06,4.7000003e-06,2.2000002e-06
105,1.1e-05,6e-06,6e-06,6e-06,6e-06,8.5e-06,3.3500004e-05,3.9500002e-05,2.7000002e-05,2.15e-05,1.9000001e-05,1.8e-05,1.85e-05,1.85e-05,1.8e-05,2.2e-05,2.7500002e-05,3.4e-05,4.35e-05,4.6500005e-05,5.0000002e-05,3.8500002e-05,2.3500002e-05,1.1e-05
106,0.0001221,6.6600005e-05,6.6600005e-05,6.6600005e-05,6.6600005e-05,9.4350005e-05,0.00037185,0.00043845002,0.0002997,0.00023865003,0.00021090002,0.00019980001,0.00020535,0.00020535,0.00019980001,0.0002442,0.00030525003,0.00037740002,0.00048285,0.00051615003,0.00055500004,0.00042735,0.00026085,0.0001221
107,0.000112199996,6.12e-05,6.12e-05,6.12e-05,6.12e-05,8.6700005e-05,0.00034170004,0.00040290004,0.0002754,0.00021930001,0.0001938,0.00018360002,0.00018870001,0.00018870001,0.00018360002,0.00022439999,0.0002805,0.00034680002,0.00044370003,0.00047430003,0.00051000004,0.00039270002,0.0002397,0.000112199996
108,9.68e-05,5.2800002e-05,5.2800002e-05,5.2800002e-05,5.2800002e-05,7.48e-05,0.00029480003,0.00034760003,0.0002376,0.00018920001,0.0001672,0.00015840001,0.0001628,0.0001628,0.00015840001,0.0001936,0.00024200001,0.0002992,0.0003828,0.00040920003,0.00044000003,0.00033880002,0.0002068,9.68e-05
109,0.0002563,0.0001398,0.0001398,0.0001398,0.0001398,0.00019805,0.00078055006,0.0009203501,0.0006291001,0.0005009501,0.00044270005,0.00041940002,0.00043105002,0.00043105002,0.00041940002,0.0005126,0.00064075005,0.0007922,0.0010135501,0.0010834502,0.0011650001,0.0008970501,0.00054755004,0.0002563
110,3.41e-05,1.8600002e-05,1.8600002e-05,1.8600002e-05,1.8600002e-05,2.635e-05,0.000103850005,0.00012245,8.3700004e-05,6.6650005e-05,5.89e-05,5.58e-05,5.7350004e-05,5.7350004e-05,5.58e-05,6.82e-05,8.525001e-05,0.0001054,0.00013485001,0.00014415,0.000155,0.00011935001,7.285001e-05,3.41e-05
111,4.9500002e-05,2.7000002e-05,2.7000002e-05,2.7000002e-05,2.7000002e-05,3.8250004e-05,0.00015075001,0.00017775001,0.00012150001,9.675001e-05,8.55e-05,8.1000006e-05,8.325001e-05,8.325001e-05,8.1000006e-05,9.9000004e-05,0.00012375001,0.00015300002,0.00019575,0.00020924999,0.00022500003,0.00017325001,0.000105750005,4.9500002e-05
112,0.0003256,0.0001776,0.0001776,0.0001776,0.0001776,0.0002516,0.0009916,0.0011692,0.00079920003,0.0006364,0.0005624001,0.00053280004,0.00054760004,0.00054760004,0.00053280004,0.0006512,0.000814,0.0010064,0.0012876001,0.0013764,0.0014800001,0.0011396,0.0006956,0.0003256
113,0.00089320005,0.0004872,0.0004872,0.0004872,0.0004872,0.0006902001,0.0027202002,0.0032074,0.0021924002,0.0017458001,0.0015428,0.0014616001,0.0015022,0.0015022,0.0014616001,0.0017864001,0.002233,0.0027608003,0.0035322004,0.0037758003,0.00406,0.0031262,0.0019082001,0.00089320005
114,0.0001936,0.000105600004,0.000105600004,0.000105600004,0.000105600004,0.0001496,0.00058960007,0.00069520005,0.0004752,0.00037840003,0.0003344,0.00031680003,0.0003256,0.0003256,0.00031680003,0.0003872,0.00048400002,0.0005984,0.0007656,0.00081840006,0.00088000007,0.00067760004,0.0004136,0.0001936
115,0.00065560004,0.00035760002,0.00035760002,0.00035760002,0.00035760002,0.0005066001,0.0019966,0.0023542002,0.0016092,0.0012814,0.0011324001,0.0010728,0.0011026,0.0011026,0.0010728,0.0013112001,0.001639,0.0020264003,0.0025926002,0.0027714001,0.00298,0.0022946,0.0014006001,0.00065560004
116,0.0,0.0,0.0,0.0,0.0,0.0,0.0,0.0,0.0,0.0,0.0,0.0,0.0,0.0,0.0,0.0,0.0,0.0,0.0,0.0,0.0,0.0,0.0,0.0
117,0.0006974,0.00038040002,0.00038040002,0.00038040002,0.00038040002,0.0005389,0.0021239,0.0025043003,0.0017118001,0.0013631001,0.0012046,0.0011412001,0.0011729,0.0011729,0.0011412001,0.0013948,0.0017435001,0.0021556,0.0027579002,0.0029481002,0.0031700002,0.0024409003,0.0014899,0.0006974
118,0.0,0.0,0.0,0.0,0.0,0.0,0.0,0.0,0.0,0.0,0.0,0.0,0.0,0.0,0.0,0.0,0.0,0.0,0.0,0.0,0.0,0.0,0.0,0.0
119,0.0,0.0,0.0,0.0,0.0,0.0,0.0,0.0,0.0,0.0,0.0,0.0,0.0,0.0,0.0,0.0,0.0,0.0,0.0,0.0,0.0,0.0,0.0,0.0
120,0.0003333,0.00018180002,0.00018180002,0.00018180002,0.00018180002,0.00025755,0.00101505,0.0011968501,0.0008181,0.0006514501,0.0005757,0.00054539996,0.0005605501,0.0005605501,0.00054539996,0.0006666,0.00083325,0.0010302,0.00131805,0.0014089501,0.001515,0.00116655,0.00071205007,0.0003333
121,0.0002035,0.00011100001,0.00011100001,0.00011100001,0.00011100001,0.00015725,0.00061975,0.00073075,0.0004995,0.00039775003,0.00035150003,0.00033300003,0.00034225002,0.00034225002,0.00033300003,0.000407,0.00050875,0.000629,0.00080475,0.00086025003,0.00092500006,0.00071225,0.00043475002,0.0002035
122,0.00019470001,0.00010620001,0.00010620001,0.00010620001,0.00010620001,0.00015045001,0.0005929501,0.0006991501,0.0004779,0.00038055002,0.0003363,0.0003186,0.00032745002,0.00032745002,0.0003186,0.00038940003,0.00048675,0.00060180004,0.00076995,0.00082305004,0.0008850001,0.00068145007,0.00041595002,0.00019470001
123,0.0001628,8.88e-05,8.88e-05,8.88e-05,8.88e-05,0.0001258,0.0004958,0.0005846,0.00039960002,0.0003182,0.00028120005,0.00026640002,0.00027380002,0.00027380002,0.00026640002,0.0003256,0.000407,0.0005032,0.0006438001,0.0006882,0.00074000005,0.0005698,0.0003478,0.0001628
124,0.0,0.0,0.0,0.0,0.0,0.0,0.0,0.0,0.0,0.0,0.0,0.0,0.0,0.0,0.0,0.0,0.0,0.0,0.0,0.0,0.0,0.0,0.0,0.0
125,0.0001452,7.920001e-05,7.920001e-05,7.920001e-05,7.920001e-05,0.000112199996,0.00044220002,0.00052140007,0.0003564,0.0002838,0.0002508,0.0002376,0.0002442,0.0002442,0.0002376,0.0002904,0.000363,0.00044879998,0.0005742,0.0006138,0.0006600001,0.0005082,0.00031020003,0.0001452
126,0.0002464,0.00013440002,0.00013440002,0.00013440002,0.00013440002,0.00019040001,0.00075040007,0.00088480004,0.0006048,0.00048160003,0.00042560004,0.0004032,0.00041440004,0.00041440004,0.0004032,0.0004928,0.00061600003,0.00076160004,0.0009744,0.0010416,0.00112,0.00086240005,0.0005264,0.0002464
127,0.00013860001,7.56e-05,7.56e-05,7.56e-05,7.56e-05,0.00010710001,0.00042209998,0.0004977,0.00034020003,0.00027090003,0.0002394,0.00022680001,0.0002331,0.0002331,0.00022680001,0.00027720002,0.00034650002,0.00042840003,0.00054810004,0.0005859,0.00063,0.00048510006,0.0002961,0.00013860001
128,0.0005929001,0.00032340005,0.00032340005,0.00032340005,0.00032340005,0.00045815003,0.0018056502,0.0021290502,0.0014553,0.00115885,0.0010241,0.0009702001,0.00099715,0.00099715,0.0009702001,0.0011858002,0.00148225,0.0018326001,0.0023446502,0.0025063502,0.002695,0.0020751501,0.00126665,0.0005929001
129,0.00011000001,6.0000002e-05,6.0000002e-05,6.0000002e-05,6.0000002e-05,8.500001e-05,0.00033500002,0.00039500004,0.00027000002,0.00021500001,0.00019,0.00018000002,0.00018500001,0.00018500001,0.00018000002,0.00022000002,0.00027500003,0.00034000003,0.00043500002,0.000465,0.00049999997,0.00038500002,0.00023500001,0.00011000001
130,0.0001771,9.66e-05,9.66e-05,9.66e-05,9.66e-05,0.00013685001,0.00053935,0.00063595,0.0004347,0.00034615002,0.00030590003,0.00028980002,0.00029785003,0.00029785003,0.00028980002,0.0003542,0.00044275005,0.00054740004,0.00070035004,0.00074865005,0.000805,0.00061985,0.00037835,0.0001771
131,0.00051810005,0.00028260003,0.00028260003,0.00028260003,0.00028260003,0.00040035002,0.0015778501,0.00186045,0.0012717001,0.0010126501,0.0008949,0.00084780005,0.00087135006,0.00087135006,0.00084780005,0.0010362001,0.00129525,0.0016014001,0.00204885,0.00219015,0.002355,0.00181335,0.0011068501,0.00051810005
132,0.0002904,0.00015840001,0.00015840001,0.00015840001,0.00015840001,0.00022439999,0.00088440004,0.0010428001,0.0007128,0.0005676,0.0005016,0.0004752,0.0004884,0.0004884,0.0004752,0.0005808,0.000726,0.00089759997,0.0011484,0.0012276,0.0013200002,0.0010164,0.00062040007,0.0002904
133,0.00023210002,0.0001266,0.0001266,0.0001266,0.0001266,0.00017935,0.0007068501,0.00083345006,0.00056970003,0.00045365002,0.0004009,0.0003798,0.00039035003,0.00039035003,0.0003798,0.00046420004,0.00058025,0.0007174,0.00091785,0.0009811501,0.001055,0.00081235,0.00049585,0.00023210002
134,0.00016610001,9.0600006e-05,9.0600006e-05,9.0600006e-05,9.0600006e-05,0.00012835002,0.00050585,0.00059645,0.00040770002,0.00032465,0.00028690003,0.0002718,0.00027935003,0.00027935003,0.0002718,0.00033220003,0.00041525002,0.00051340007,0.00065685005,0.00070215005,0.00075500004,0.00058135006,0.00035485005,0.00016610001
135,9.2400005e-05,5.04e-05,5.04e-05,5.04e-05,5.04e-05,7.1400005e-05,0.00028140002,0.0003318,0.00022680001,0.00018060001,0.0001596,0.0001512,0.0001554,0.0001554,0.0001512,0.00018480001,0.000231,0.00028560002,0.00036540002,0.00039060003,0.00042,0.00032340005,0.00019740002,9.2400005e-05
136,0.0001155,6.300001e-05,6.300001e-05,6.300001e-05,6.300001e-05,8.925001e-05,0.00035175003,0.00041475,0.0002835,0.00022575003,0.0001995,0.000189,0.00019425,0.00019425,0.000189,0.000231,0.00028875002,0.00035700004,0.00045675001,0.00048825002,0.000525,0.00040425002,0.00024675002,0.0001155
137,0.00012760001,6.9600006e-05,6.9600006e-05,6.9600006e-05,6.9600006e-05,9.86e-05,0.00038860002,0.00045820003,0.0003132,0.0002494,0.00022040002,0.00020880002,0.00021460002,0.00021460002,0.00020880002,0.00025520002,0.000319,0.0003944,0.0005046,0.00053940003,0.00058,0.00044660002,0.0002726,0.00012760001
138,0.00026950004,0.00014700001,0.00014700001,0.00014700001,0.00014700001,0.00020825001,0.00082075,0.00096775,0.0006615001,0.00052675005,0.00046550002,0.000441,0.00045325002,0.00045325002,0.000441,0.0005390001,0.00067375,0.00083300006,0.00106575,0.0011392501,0.0012250001,0.00094325,0.00057575,0.00026950004
139,0.0001826,9.960001e-05,9.960001e-05,9.960001e-05,9.960001e-05,0.00014110001,0.00055610004,0.00065570005,0.00044820004,0.0003569,0.00031540002,0.0002988,0.0003071,0.0003071,0.0002988,0.0003652,0.0004565,0.00056440005,0.0007221,0.00077190006,0.00083000003,0.00063910004,0.00039010003,0.0001826
140,0.0,0.0,0.0,0.0,0.0,0.0,0.0,0.0,0.0,0.0,0.0,0.0,0.0,0.0,0.0,0.0,0.0,0.0,0.0,0.0,0.0,0.0,0.0,0.0
141,0.0,0.0,0.0,0.0,0.0,0.0,0.0,0.0,0.0,0.0,0.0,0.0,0.0,0.0,0.0,0.0,0.0,0.0,0.0,0.0,0.0,0.0,0.0,0.0
142,0.0,0.0,0.0,0.0,0.0,0.0,0.0,0.0,0.0,0.0,0.0,0.0,0.0,0.0,0.0,0.0,0.0,0.0,0.0,0.0,0.0,0.0,0.0,0.0
143,8.8e-05,4.8e-05,4.8e-05,4.8e-05,4.8e-05,6.8e-05,0.00026800003,0.00031600002,0.00021600001,0.000172,0.00015200001,0.000144,0.000148,0.000148,0.000144,0.000176,0.00022000002,0.000272,0.000348,0.00037200004,0.00040000002,0.00030800002,0.00018800002,8.8e-05
144,3.63e-05,1.9800002e-05,1.9800002e-05,1.9800002e-05,1.9800002e-05,2.8049999e-05,0.000110550005,0.00013035002,8.91e-05,7.095e-05,6.27e-05,5.94e-05,6.105e-05,6.105e-05,5.94e-05,7.26e-05,9.075e-05,0.000112199996,0.00014355,0.00015345,0.00016500002,0.00012705,7.755001e-05,3.63e-05
145,3.74e-05,2.0400003e-05,2.0400003e-05,2.0400003e-05,2.0400003e-05,2.89e-05,0.00011390001,0.00013430002,9.180001e-05,7.3100004e-05,6.4600004e-05,6.12e-05,6.29e-05,6.29e-05,6.12e-05,7.48e-05,9.35e-05,0.0001156,0.0001479,0.00015810001,0.00017000001,0.0001309,7.9900004e-05,3.74e-05
146,0.000112199996,6.12e-05,6.12e-05,6.12e-05,6.12e-05,8.6700005e-05,0.00034170004,0.00040290004,0.0002754,0.00021930001,0.0001938,0.00018360002,0.00018870001,0.00018870001,0.00018360002,0.00022439999,0.0002805,0.00034680002,0.00044370003,0.00047430003,0.00051000004,0.00039270002,0.0002397,0.000112199996
147,0.0001353,7.38e-05,7.38e-05,7.38e-05,7.38e-05,0.00010455001,0.00041205002,0.00048585003,0.00033210003,0.00026445003,0.00023370002,0.00022140001,0.00022755002,0.00022755002,0.00022140001,0.0002706,0.00033824999,0.00041820004,0.00053505,0.00057195005,0.00061499997,0.00047355003,0.00028905002,0.0001353
148,9.900001e-06,5.3999997e-06,5.3999997e-06,5.3999997e-06,5.3999997e-06,7.65e-06,3.015e-05,3.555e-05,2.4300001e-05,1.935e-05,1.7100001e-05,1.6200001e-05,1.6650001e-05,1.6650001e-05,1.6200001e-05,1.9800002e-05,2.4750001e-05,3.06e-05,3.915e-05,4.1850002e-05,4.5000004e-05,3.4650002e-05,2.1150001e-05,9.900001e-06
149,4.7300004e-05,2.58e-05,2.58e-05,2.58e-05,2.58e-05,3.6550002e-05,0.00014405,0.00016985,0.00011610001,9.2450005e-05,8.1700004e-05,7.74e-05,7.955e-05,7.955e-05,7.74e-05,9.460001e-05,0.00011825001,0.00014620001,0.00018705001,0.00019995002,0.00021500001,0.00016555,0.00010105,4.7300004e-05
150,0.00017160001,9.360001e-05,9.360001e-05,9.360001e-05,9.360001e-05,0.0001326,0.0005226,0.00061620004,0.00042120003,0.0003354,0.00029640002,0.00028079998,0.00028860001,0.00028860001,0.00028079998,0.00034320002,0.000429,0.0005304,0.00067860004,0.00072540005,0.00078,0.00060060003,0.0003666,0.00017160001
151,8.8e-05,4.8e-05,4.8e-05,4.8e-05,4.8e-05,6.8e-05,0.00026800003,0.00031600002,0.00021600001,0.000172,0.00015200001,0.000144,0.000148,0.000148,0.000144,0.000176,0.00022000002,0.000272,0.000348,0.00037200004,0.00040000002,0.00030800002,0.00018800002,8.8e-05
152,0.00015180002,8.2800005e-05,8.2800005e-05,8.2800005e-05,8.2800005e-05,0.000117300006,0.00046230003,0.0005451,0.0003726,0.00029670002,0.00026220002,0.00024840003,0.0002553,0.0002553,0.00024840003,0.00030360004,0.0003795,0.00046920002,0.00060030003,0.0006417,0.00069,0.00053130003,0.0003243,0.00015180002
153,5.83e-05,3.18e-05,3.18e-05,3.18e-05,3.18e-05,4.505e-05,0.00017755001,0.00020935001,0.00014310001,0.00011395001,0.0001007,9.5400006e-05,9.8050004e-05,9.8050004e-05,9.5400006e-05,0.0001166,0.00014575,0.0001802,0.00023055002,0.00024645,0.00026500004,0.00020405001,0.00012455002,5.83e-05
154,6.49e-05,3.54e-05,3.54e-05,3.54e-05,3.54e-05,5.0150004e-05,0.00019765,0.00023305003,0.0001593,0.00012685,0.00011210001,0.00010620001,0.00010915,0.00010915,0.00010620001,0.0001298,0.00016225,0.00020060001,0.00025665,0.00027435,0.00029500003,0.00022715001,0.00013865001,6.49e-05
155,0.0002563,0.0001398,0.0001398,0.0001398,0.0001398,0.00019805,0.00078055006,0.0009203501,0.0006291001,0.0005009501,0.00044270005,0.00041940002,0.00043105002,0.00043105002,0.00041940002,0.0005126,0.00064075005,0.0007922,0.0010135501,0.0010834502,0.0011650001,0.0008970501,0.00054755004,0.0002563
156,3.3000001e-06,1.8000001e-06,1.8000001e-06,1.8000001e-06,1.8000001e-06,2.5500003e-06,1.005e-05,1.185e-05,8.100001e-06,6.45e-06,5.7e-06,5.3999997e-06,5.55e-06,5.55e-06,5.3999997e-06,6.6000002e-06,8.25e-06,1.0200001e-05,1.3050001e-05,1.395e-05,1.50000005e-05,1.1550001e-05,7.0500005e-06,3.3000001e-06
157,3.41e-05,1.8600002e-05,1.8600002e-05,1.8600002e-05,1.8600002e-05,2.635e-05,0.000103850005,0.00012245,8.3700004e-05,6.6650005e-05,5.89e-05,5.58e-05,5.7350004e-05,5.7350004e-05,5.58e-05,6.82e-05,8.525001e-05,0.0001054,0.00013485001,0.00014415,0.000155,0.00011935001,7.285001e-05,3.41e-05
158,0.00093390007,0.00050940004,0.00050940004,0.00050940004,0.00050940004,0.00072165,0.0028441502,0.00335355,0.0022923,0.00182535,0.0016131001,0.0015282,0.00157065,0.00157065,0.0015282,0.0018678001,0.00233475,0.0028866,0.0036931501,0.0039478503,0.004245,0.0032686503,0.00199515,0.00093390007
159,3.5200002e-05,1.9200002e-05,1.9200002e-05,1.9200002e-05,1.9200002e-05,2.72e-05,0.0001072,0.0001264,8.6399996e-05,6.880001e-05,6.0800005e-05,5.7600002e-05,5.92e-05,5.92e-05,5.7600002e-05,7.0400005e-05,8.8e-05,0.0001088,0.00013920001,0.00014880001,0.00016000001,0.0001232,7.5200005e-05,3.5200002e-05
160,2.3100001e-05,1.26e-05,1.26e-05,1.26e-05,1.26e-05,1.7850001e-05,7.0350005e-05,8.295e-05,5.6700002e-05,4.5150002e-05,3.99e-05,3.78e-05,3.885e-05,3.885e-05,3.78e-05,4.6200003e-05,5.775e-05,7.1400005e-05,9.1350004e-05,9.765001e-05,0.000105,8.085001e-05,4.9350005e-05,2.3100001e-05
161,2.2000002e-06,1.2000002e-06,1.2000002e-06,1.2000002e-06,1.2000002e-06,1.7e-06,6.7e-06,7.9e-06,5.3999997e-06,4.3000005e-06,3.8000003e-06,3.6000001e-06,3.7e-06,3.7e-06,3.6000001e-06,4.4000003e-06,5.5e-06,6.8e-06,8.700001e-06,9.300001e-06,1.0000001e-05,7.7e-06,4.7000003e-06,2.2000002e-06
162,0.0001353,7.38e-05,7.38e-05,7.38e-05,7.38e-05,0.00010455001,0.00041205002,0.00048585003,0.00033210003,0.00026445003,0.00023370002,0.00022140001,0.00022755002,0.00022755002,0.00022140001,0.0002706,0.00033824999,0.00041820004,0.00053505,0.00057195005,0.00061499997,0.00047355003,0.00028905002,0.0001353
163,0.00010890001,5.94e-05,5.94e-05,5.94e-05,5.94e-05,8.415001e-05,0.00033165,0.00039105004,0.00026730003,0.00021285,0.0001881,0.0001782,0.00018315001,0.00018315001,0.0001782,0.00021780001,0.00027225,0.00033660003,0.00043065002,0.00046035,0.00049500004,0.00038115002,0.00023265001,0.00010890001
164,6.0500002e-05,3.3e-05,3.3e-05,3.3e-05,3.3e-05,4.675e-05,0.00018425,0.00021725,0.0001485,0.00011825001,0.00010450001,9.9000004e-05,0.00010175,0.00010175,9.9000004e-05,0.000121000005,0.00015125,0.000187,0.00023925002,0.00025575003,0.00027500003,0.00021175001,0.00012925001,6.0500002e-05
165,8.5800006e-05,4.6800003e-05,4.6800003e-05,4.6800003e-05,4.6800003e-05,6.63e-05,0.0002613,0.00030810002,0.00021060002,0.0001677,0.00014820001,0.00014039999,0.00014430001,0.00014430001,0.00014039999,0.00017160001,0.0002145,0.0002652,0.00033930002,0.00036270003,0.00039,0.00030030002,0.0001833,8.5800006e-05
166,2.97e-05,1.6200001e-05,1.6200001e-05,1.6200001e-05,1.6200001e-05,2.2950002e-05,9.045e-05,0.00010665,7.29e-05,5.8050005e-05,5.13e-05,4.8600003e-05,4.9950002e-05,4.9950002e-05,4.8600003e-05,5.94e-05,7.425e-05,9.180001e-05,0.00011745001,0.00012555001,0.00013500001,0.000103950006,6.345e-05,2.97e-05
167,2.97e-05,1.6200001e-05,1.6200001e-05,1.6200001e-05,1.6200001e-05,2.2950002e-05,9.045e-05,0.00010665,7.29e-05,5.8050005e-05,5.13e-05,4.8600003e-05,4.9950002e-05,4.9950002e-05,4.8600003e-05,5.94e-05,7.425e-05,9.180001e-05,0.00011745001,0.00012555001,0.00013500001,0.000103950006,6.345e-05,2.97e-05
168,7.7e-06,4.2000006e-06,4.2000006e-06,4.2000006e-06,4.2000006e-06,5.9500003e-06,2.3450002e-05,2.7650001e-05,1.89e-05,1.5050001e-05,1.3300001e-05,1.26e-05,1.2950001e-05,1.2950001e-05,1.26e-05,1.54e-05,1.9250001e-05,2.3800001e-05,3.045e-05,3.255e-05,3.5e-05,2.6950001e-05,1.645e-05,7.7e-06
169,0.0010417,0.0005682001,0.0005682001,0.0005682001,0.0005682001,0.00080495,0.00317245,0.0037406501,0.0025569003,0.0020360502,0.0017993002,0.0017046,0.0017519501,0.0017519501,0.0017046,0.0020834,0.00260425,0.0032198,0.00411945,0.0044035497,0.004735,0.00364595,0.0022254502,0.0010417
170,0.0002904,0.00015840001,0.00015840001,0.00015840001,0.00015840001,0.00022439999,0.00088440004,0.0010428001,0.0007128,0.0005676,0.0005016,0.0004752,0.0004884,0.0004884,0.0004752,0.0005808,0.000726,0.00089759997,0.0011484,0.0012276,0.0013200002,0.0010164,0.00062040007,0.0002904
171,0.000112199996,6.12e-05,6.12e-05,6.12e-05,6.12e-05,8.6700005e-05,0.00034170004,0.00040290004,0.0002754,0.00021930001,0.0001938,0.00018360002,0.00018870001,0.00018870001,0.00018360002,0.00022439999,0.0002805,0.00034680002,0.00044370003,0.00047430003,0.00051000004,0.00039270002,0.0002397,0.000112199996
172,9.68e-05,5.2800002e-05,5.2800002e-05,5.2800002e-05,5.2800002e-05,7.48e-05,0.00029480003,0.00034760003,0.0002376,0.00018920001,0.0001672,0.00015840001,0.0001628,0.0001628,0.00015840001,0.0001936,0.00024200001,0.0002992,0.0003828,0.00040920003,0.00044000003,0.00033880002,0.0002068,9.68e-05
173,5.3900003e-05,2.9400004e-05,2.9400004e-05,2.9400004e-05,2.9400004e-05,4.1650004e-05,0.00016415001,0.00019355,0.00013229999,0.00010535,9.310001e-05,8.82e-05,9.0650006e-05,9.0650006e-05,8.82e-05,0.000107800006,0.00013475002,0.00016660002,0.00021315002,0.00022785002,0.000245,0.00018865001,0.000115150004,5.3900003e-05
174,0.0,0.0,0.0,0.0,0.0,0.0,0.0,0.0,0.0,0.0,0.0,0.0,0.0,0.0,0.0,0.0,0.0,0.0,0.0,0.0,0.0,0.0,0.0,0.0
175,0.0001232,6.720001e-05,6.720001e-05,6.720001e-05,6.720001e-05,9.5200005e-05,0.00037520003,0.00044240002,0.0003024,0.00024080001,0.00021280002,0.0002016,0.00020720002,0.00020720002,0.0002016,0.0002464,0.00030800002,0.00038080002,0.0004872,0.0005208,0.00056,0.00043120002,0.0002632,0.0001232
176,0.0,0.0,0.0,0.0,0.0,0.0,0.0,0.0,0.0,0.0,0.0,0.0,0.0,0.0,0.0,0.0,0.0,0.0,0.0,0.0,0.0,0.0,0.0,0.0
177,0.0,0.0,0.0,0.0,0.0,0.0,0.0,0.0,0.0,0.0,0.0,0.0,0.0,0.0,0.0,0.0,0.0,0.0,0.0,0.0,0.0,0.0,0.0,0.0
178,1.1000001e-06,6.000001e-07,6.000001e-07,6.000001e-07,6.000001e-07,8.5e-07,3.35e-06,3.95e-06,2.6999999e-06,2.1500002e-06,1.9000001e-06,1.8000001e-06,1.85e-06,1.85e-06,1.8000001e-06,2.2000002e-06,2.75e-06,3.4e-06,4.3500004e-06,4.6500004e-06,5.0000003e-06,3.85e-06,2.3500002e-06,1.1000001e-06
179,0.0,0.0,0.0,0.0,0.0,0.0,0.0,0.0,0.0,0.0,0.0,0.0,0.0,0.0,0.0,0.0,0.0,0.0,0.0,0.0,0.0,0.0,0.0,0.0
180,0.0,0.0,0.0,0.0,0.0,0.0,0.0,0.0,0.0,0.0,0.0,0.0,0.0,0.0,0.0,0.0,0.0,0.0,0.0,0.0,0.0,0.0,0.0,0.0
181,0.0,0.0,0.0,0.0,0.0,0.0,0.0,0.0,0.0,0.0,0.0,0.0,0.0,0.0,0.0,0.0,0.0,0.0,0.0,0.0,0.0,0.0,0.0,0.0
182,1.1000001e-06,6.000001e-07,6.000001e-07,6.000001e-07,6.000001e-07,8.5e-07,3.35e-06,3.95e-06,2.6999999e-06,2.1500002e-06,1.9000001e-06,1.8000001e-06,1.85e-06,1.85e-06,1.8000001e-06,2.2000002e-06,2.75e-06,3.4e-06,4.3500004e-06,4.6500004e-06,5.0000003e-06,3.85e-06,2.3500002e-06,1.1000001e-06
183,0.00020240001,0.000110400004,0.000110400004,0.000110400004,0.000110400004,0.0001564,0.00061640004,0.00072680006,0.00049680006,0.00039560004,0.00034960004,0.00033120002,0.0003404,0.0003404,0.00033120002,0.00040480003,0.000506,0.0006256,0.0008004,0.00085560005,0.0009200001,0.0007084,0.0004324,0.00020240001
184,4.4000003e-06,2.4000003e-06,2.4000003e-06,2.4000003e-06,2.4000003e-06,3.4e-06,1.34e-05,1.58e-05,1.07999995e-05,8.600001e-06,7.6000006e-06,7.2000003e-06,7.4e-06,7.4e-06,7.2000003e-06,8.800001e-06,1.1e-05,1.36e-05,1.7400002e-05,1.8600002e-05,2.0000001e-05,1.54e-05,9.400001e-06,4.4000003e-06
185,0.00018480001,0.0001008,0.0001008,0.0001008,0.0001008,0.00014280001,0.00056280004,0.0006636,0.00045360002,0.00036120001,0.0003192,0.0003024,0.0003108,0.0003108,0.0003024,0.00036960002,0.000462,0.00057120004,0.00073080003,0.00078120007,0.00084,0.0006468001,0.00039480004,0.00018480001
186,0.00026070004,0.0001422,0.0001422,0.0001422,0.0001422,0.00020145002,0.00079395005,0.00093615,0.0006399,0.00050955004,0.0004503,0.0004266,0.00043845002,0.00043845002,0.0004266,0.00052140007,0.00065175,0.0008058001,0.0010309501,0.00110205,0.0011850002,0.00091245,0.00055695,0.00026070004
187,9.900001e-06,5.3999997e-06,5.3999997e-06,5.3999997e-06,5.3999997e-06,7.65e-06,3.015e-05,3.555e-05,2.4300001e-05,1.935e-05,1.7100001e-05,1.6200001e-05,1.6650001e-05,1.6650001e-05,1.6200001e-05,1.9800002e-05,2.4750001e-05,3.06e-05,3.915e-05,4.1850002e-05,4.5000004e-05,3.4650002e-05,2.1150001e-05,9.900001e-06
188,0.0001353,7.38e-05,7.38e-05,7.38e-05,7.38e-05,0.00010455001,0.00041205002,0.00048585003,0.00033210003,0.00026445003,0.00023370002,0.00022140001,0.00022755002,0.00022755002,0.00022140001,0.0002706,0.00033824999,0.00041820004,0.00053505,0.00057195005,0.00061499997,0.00047355003,0.00028905002,0.0001353
189,0.000429,0.000234,0.000234,0.000234,0.000234,0.00033150005,0.0013065,0.0015405001,0.001053,0.0008385,0.00074100005,0.00070200005,0.0007215,0.0007215,0.00070200005,0.000858,0.0010725,0.0013260002,0.0016965001,0.0018135,0.0019500002,0.0015015,0.00091650005,0.000429
190,0.0001287,7.0199996e-05,7.0199996e-05,7.0199996e-05,7.0199996e-05,9.945001e-05,0.00039195002,0.00046215,0.00031590002,0.00025155,0.0002223,0.00021060002,0.00021645002,0.00021645002,0.00021060002,0.0002574,0.00032175003,0.00039780003,0.00050895003,0.00054405,0.00058500003,0.00045045,0.00027495,0.0001287
191,0.000187,0.000102000005,0.000102000005,0.000102000005,0.000102000005,0.00014450001,0.0005695,0.00067150005,0.000459,0.00036550002,0.000323,0.00030600003,0.0003145,0.0003145,0.00030600003,0.000374,0.00046750007,0.00057800004,0.00073950004,0.0007905,0.00085,0.00065450004,0.00039950002,0.000187
192,0.00023650003,0.000129,0.000129,0.000129,0.000129,0.00018275001,0.0007202501,0.00084925006,0.00058050005,0.00046225003,0.0004085,0.00038700004,0.00039775003,0.00039775003,0.00038700004,0.00047300005,0.00059125,0.00073100004,0.00093524996,0.00099975,0.0010750002,0.0008277501,0.00050525006,0.00023650003
193,0.00044000003,0.00024000001,0.00024000001,0.00024000001,0.00024000001,0.00034000003,0.0013400001,0.0015800002,0.0010800001,0.00086000003,0.00076,0.00072000007,0.00074000005,0.00074000005,0.00072000007,0.00088000007,0.0011000001,0.0013600001,0.0017400001,0.00186,0.0019999999,0.0015400001,0.00094000006,0.00044000003
194,0.00049060007,0.0002676,0.0002676,0.0002676,0.0002676,0.0003791,0.0014941001,0.0017617,0.0012042,0.0009589,0.00084740005,0.00080280006,0.0008251,0.0008251,0.00080280006,0.0009812001,0.0012265001,0.0015164,0.0019401002,0.0020739,0.0022300002,0.0017171002,0.0010481001,0.00049060007
195,5.5e-06,3e-06,3e-06,3e-06,3e-06,4.25e-06,1.6750002e-05,1.9750001e-05,1.3500001e-05,1.075e-05,9.5000005e-06,9e-06,9.25e-06,9.25e-06,9e-06,1.1e-05,1.3750001e-05,1.7e-05,2.175e-05,2.3250002e-05,2.5000001e-05,1.9250001e-05,1.1750001e-05,5.5e-06
196,1.1000001e-06,6.000001e-07,6.000001e-07,6.000001e-07,6.000001e-07,8.5e-07,3.35e-06,3.95e-06,2.6999999e-06,2.1500002e-06,1.9000001e-06,1.8000001e-06,1.85e-06,1.85e-06,1.8000001e-06,2.2000002e-06,2.75e-06,3.4e-06,4.3500004e-06,4.6500004e-06,5.0000003e-06,3.85e-06,2.3500002e-06,1.1000001e-06
197,0.00045320002,0.00024720002,0.00024720002,0.00024720002,0.00024720002,0.00035020002,0.0013802001,0.0016274,0.0011124001,0.0008858,0.0007828,0.00074160006,0.00076220004,0.00076220004,0.00074160006,0.00090640003,0.001133,0.0014008001,0.0017922,0.0019158002,0.00206,0.0015862001,0.00096820004,0.00045320002
198,4.2900003e-05,2.3400002e-05,2.3400002e-05,2.3400002e-05,2.3400002e-05,3.315e-05,0.00013065,0.00015405001,0.00010530001,8.385e-05,7.4100004e-05,7.0199996e-05,7.2150004e-05,7.2150004e-05,7.0199996e-05,8.5800006e-05,0.00010725,0.0001326,0.00016965001,0.00018135001,0.000195,0.00015015001,9.165e-05,4.2900003e-05
199,1.65e-05,9e-06,9e-06,9e-06,9e-06,1.2750001e-05,5.0250004e-05,5.9250004e-05,4.0500003e-05,3.225e-05,2.8499999e-05,2.7000002e-05,2.7750002e-05,2.7750002e-05,2.7000002e-05,3.3e-05,4.1250005e-05,5.1000003e-05,6.525e-05,6.975001e-05,7.5e-05,5.775e-05,3.525e-05,1.65e-05
200,0.0002002,0.00010920001,0.00010920001,0.00010920001,0.00010920001,0.0001547,0.0006097,0.0007189,0.0004914,0.00039130004,0.00034580004,0.00032760002,0.0003367,0.0003367,0.00032760002,0.0004004,0.0005005,0.0006188,0.00079170003,0.00084630004,0.00091,0.00070070004,0.00042770003,0.0002002
201,0.00037730002,0.00020580001,0.00020580001,0.00020580001,0.00020580001,0.00029155,0.0011490501,0.0013548501,0.00092610007,0.00073745,0.0006517,0.00061740004,0.00063455,0.00063455,0.00061740004,0.00075460004,0.00094325,0.0011662,0.0014920501,0.00159495,0.001715,0.00132055,0.00080605,0.00037730002
202,6.82e-05,3.7200003e-05,3.7200003e-05,3.7200003e-05,3.7200003e-05,5.27e-05,0.00020770001,0.0002449,0.00016740001,0.00013330001,0.0001178,0.0001116,0.00011470001,0.00011470001,0.0001116,0.0001364,0.00017050002,0.0002108,0.00026970002,0.0002883,0.00031,0.00023870001,0.00014570002,6.82e-05
203,0.00045870006,0.0002502,0.0002502,0.0002502,0.0002502,0.00035445,0.0013969501,0.0016471501,0.0011259001,0.00089655,0.00079230004,0.00075060007,0.00077145,0.00077145,0.00075060007,0.0009174001,0.0011467501,0.0014178,0.00181395,0.0019390502,0.002085,0.0016054501,0.0009799501,0.00045870006
204,0.0002486,0.00013560001,0.00013560001,0.00013560001,0.00013560001,0.0001921,0.0007571,0.00089270005,0.0006102,0.00048590003,0.0004294,0.0004068,0.0004181,0.0004181,0.0004068,0.0004972,0.0006215,0.0007684,0.0009831,0.0010509001,0.0011300001,0.00087010005,0.0005311,0.0002486
205,0.0001111,6.0600003e-05,6.0600003e-05,6.0600003e-05,6.0600003e-05,8.5850006e-05,0.00033835002,0.00039895004,0.00027269998,0.00021715001,0.0001919,0.00018180002,0.00018685001,0.00018685001,0.00018180002,0.0002222,0.00027775,0.00034340002,0.00043935003,0.00046965003,0.000505,0.00038885002,0.00023735002,0.0001111
206,5.94e-05,3.2400003e-05,3.2400003e-05,3.2400003e-05,3.2400003e-05,4.5900004e-05,0.0001809,0.0002133,0.0001458,0.00011610001,0.0001026,9.7200005e-05,9.9900004e-05,9.9900004e-05,9.7200005e-05,0.0001188,0.0001485,0.00018360002,0.00023490001,0.00025110002,0.00027000002,0.00020790001,0.0001269,5.94e-05
207,8.4700005e-05,4.6200003e-05,4.6200003e-05,4.6200003e-05,4.6200003e-05,6.545e-05,0.00025794999,0.00030415,0.00020790001,0.00016555,0.00014630001,0.00013860001,0.00014245,0.00014245,0.00013860001,0.00016940001,0.00021175001,0.0002618,0.00033495002,0.00035805002,0.00038500002,0.00029645005,0.00018095001,8.4700005e-05
208,3.63e-05,1.9800002e-05,1.9800002e-05,1.9800002e-05,1.9800002e-05,2.8049999e-05,0.000110550005,0.00013035002,8.91e-05,7.095e-05,6.27e-05,5.94e-05,6.105e-05,6.105e-05,5.94e-05,7.26e-05,9.075e-05,0.000112199996,0.00014355,0.00015345,0.00016500002,0.00012705,7.755001e-05,3.63e-05
209,0.0001265,6.900001e-05,6.900001e-05,6.900001e-05,6.900001e-05,9.775e-05,0.00038525002,0.00045425002,0.0003105,0.00024725,0.00021850002,0.00020700002,0.00021275002,0.00021275002,0.00020700002,0.000253,0.00031625002,0.000391,0.00050025,0.00053475,0.000575,0.00044275005,0.00027025005,0.0001265
210,0.00016830002,9.180001e-05,9.180001e-05,9.180001e-05,9.180001e-05,0.00013005,0.00051255,0.00060435006,0.00041310003,0.00032895,0.00029070003,0.0002754,0.00028305,0.00028305,0.0002754,0.00033660003,0.00042075,0.0005202,0.00066555,0.00071145,0.00076500006,0.00058905,0.00035955,0.00016830002
211,0.0,0.0,0.0,0.0,0.0,0.0,0.0,0.0,0.0,0.0,0.0,0.0,0.0,0.0,0.0,0.0,0.0,0.0,0.0,0.0,0.0,0.0,0.0,0.0
212,3.3e-05,1.8e-05,1.8e-05,1.8e-05,1.8e-05,2.5500001e-05,0.00010050001,0.00011850001,8.1000006e-05,6.45e-05,5.6999997e-05,5.4000004e-05,5.5500004e-05,5.5500004e-05,5.4000004e-05,6.6e-05,8.250001e-05,0.000102000005,0.0001305,0.00013950001,0.00015,0.0001155,7.05e-05,3.3e-05
213,3.5200002e-05,1.9200002e-05,1.9200002e-05,1.9200002e-05,1.9200002e-05,2.72e-05,0.0001072,0.0001264,8.6399996e-05,6.880001e-05,6.0800005e-05,5.7600002e-05,5.92e-05,5.92e-05,5.7600002e-05,7.0400005e-05,8.8e-05,0.0001088,0.00013920001,0.00014880001,0.00016000001,0.0001232,7.5200005e-05,3.5200002e-05
214,6.16e-05,3.3600005e-05,3.3600005e-05,3.3600005e-05,3.3600005e-05,4.7600002e-05,0.00018760002,0.00022120001,0.0001512,0.00012040001,0.00010640001,0.0001008,0.00010360001,0.00010360001,0.0001008,0.0001232,0.00015400001,0.00019040001,0.0002436,0.0002604,0.00028,0.00021560001,0.0001316,6.16e-05
215,0.0,0.0,0.0,0.0,0.0,0.0,0.0,0.0,0.0,0.0,0.0,0.0,0.0,0.0,0.0,0.0,0.0,0.0,0.0,0.0,0.0,0.0,0.0,0.0
216,2.09e-05,1.14e-05,1.14e-05,1.14e-05,1.14e-05,1.6150001e-05,6.365e-05,7.505e-05,5.13e-05,4.0850002e-05,3.6100002e-05,3.4200002e-05,3.5150006e-05,3.5150006e-05,3.4200002e-05,4.18e-05,5.2250005e-05,6.4600004e-05,8.265e-05,8.835001e-05,9.5e-05,7.3150004e-05,4.465e-05,2.09e-05
217,0.00015620001,8.520001e-05,8.520001e-05,8.520001e-05,8.520001e-05,0.00012070001,0.0004757,0.0005609001,0.0003834,0.00030530005,0.00026980002,0.00025560003,0.0002627,0.0002627,0.00025560003,0.00031240002,0.00039050003,0.00048280004,0.00061770005,0.00066029996,0.00071,0.00054670003,0.0003337,0.00015620001
218,6.49e-05,3.54e-05,3.54e-05,3.54e-05,3.54e-05,5.0150004e-05,0.00019765,0.00023305003,0.0001593,0.00012685,0.00011210001,0.00010620001,0.00010915,0.00010915,0.00010620001,0.0001298,0.00016225,0.00020060001,0.00025665,0.00027435,0.00029500003,0.00022715001,0.00013865001,6.49e-05
219,0.0001628,8.88e-05,8.88e-05,8.88e-05,8.88e-05,0.0001258,0.0004958,0.0005846,0.00039960002,0.0003182,0.00028120005,0.00026640002,0.00027380002,0.00027380002,0.00026640002,0.0003256,0.000407,0.0005032,0.0006438001,0.0006882,0.00074000005,0.0005698,0.0003478,0.0001628
220,0.00010120001,5.5200002e-05,5.5200002e-05,5.5200002e-05,5.5200002e-05,7.82e-05,0.00030820002,0.00036340003,0.00024840003,0.00019780002,0.00017480002,0.00016560001,0.0001702,0.0001702,0.00016560001,0.00020240001,0.000253,0.0003128,0.0004002,0.00042780003,0.00046000004,0.0003542,0.0002162,0.00010120001
221,3.63e-05,1.9800002e-05,1.9800002e-05,1.9800002e-05,1.9800002e-05,2.8049999e-05,0.000110550005,0.00013035002,8.91e-05,7.095e-05,6.27e-05,5.94e-05,6.105e-05,6.105e-05,5.94e-05,7.26e-05,9.075e-05,0.000112199996,0.00014355,0.00015345,0.00016500002,0.00012705,7.755001e-05,3.63e-05
222,6.6000002e-06,3.6000001e-06,3.6000001e-06,3.6000001e-06,3.6000001e-06,5.1000006e-06,2.01e-05,2.37e-05,1.6200001e-05,1.29e-05,1.14e-05,1.07999995e-05,1.11e-05,1.11e-05,1.07999995e-05,1.32000005e-05,1.65e-05,2.0400003e-05,2.6100002e-05,2.79e-05,3.0000001e-05,2.3100001e-05,1.4100001e-05,6.6000002e-06
223,5.0600003e-05,2.7600001e-05,2.7600001e-05,2.7600001e-05,2.7600001e-05,3.91e-05,0.00015410001,0.00018170002,0.00012420001,9.890001e-05,8.740001e-05,8.2800005e-05,8.51e-05,8.51e-05,8.2800005e-05,0.00010120001,0.0001265,0.0001564,0.0002001,0.00021390001,0.00023000002,0.0001771,0.0001081,5.0600003e-05
224,7.920001e-05,4.3199998e-05,4.3199998e-05,4.3199998e-05,4.3199998e-05,6.12e-05,0.0002412,0.0002844,0.00019440001,0.0001548,0.00013680001,0.00012960001,0.00013320001,0.00013320001,0.00012960001,0.00015840001,0.00019800001,0.0002448,0.0003132,0.00033480002,0.00036000003,0.00027720002,0.00016920001,7.920001e-05
225,0.0,0.0,0.0,0.0,0.0,0.0,0.0,0.0,0.0,0.0,0.0,0.0,0.0,0.0,0.0,0.0,0.0,0.0,0.0,0.0,0.0,0.0,0.0,0.0
226,0.0,0.0,0.0,0.0,0.0,0.0,0.0,0.0,0.0,0.0,0.0,0.0,0.0,0.0,0.0,0.0,0.0,0.0,0.0,0.0,0.0,0.0,0.0,0.0
227,2.2e-05,1.2e-05,1.2e-05,1.2e-05,1.2e-05,1.7e-05,6.700001e-05,7.9000005e-05,5.4000004e-05,4.3e-05,3.8000002e-05,3.6e-05,3.7e-05,3.7e-05,3.6e-05,4.4e-05,5.5000004e-05,6.8e-05,8.7e-05,9.300001e-05,0.000100000005,7.7000004e-05,4.7000005e-05,2.2e-05
228,8.800001e-06,4.8000006e-06,4.8000006e-06,4.8000006e-06,4.8000006e-06,6.8e-06,2.68e-05,3.16e-05,2.1599999e-05,1.7200002e-05,1.5200001e-05,1.44000005e-05,1.48e-05,1.48e-05,1.44000005e-05,1.7600001e-05,2.2e-05,2.72e-05,3.4800003e-05,3.7200003e-05,4.0000003e-05,3.08e-05,1.8800001e-05,8.800001e-06
229,0.00014300001,7.8000005e-05,7.8000005e-05,7.8000005e-05,7.8000005e-05,0.000110500005,0.00043550003,0.0005135,0.00035100002,0.00027950003,0.00024700002,0.000234,0.0002405,0.0002405,0.000234,0.00028600002,0.00035750002,0.00044200002,0.0005655,0.0006045,0.00065000006,0.0005005,0.00030550003,0.00014300001
230,0.0001177,6.42e-05,6.42e-05,6.42e-05,6.42e-05,9.095e-05,0.00035845002,0.00042265002,0.0002889,0.00023005002,0.0002033,0.00019260001,0.00019795,0.00019795,0.00019260001,0.0002354,0.00029425003,0.0003638,0.00046545002,0.00049755006,0.000535,0.00041195002,0.00025145002,0.0001177
231,0.000113300004,6.1800005e-05,6.1800005e-05,6.1800005e-05,6.1800005e-05,8.7550005e-05,0.00034505004,0.00040685,0.00027810002,0.00022145,0.0001957,0.00018540001,0.00019055001,0.00019055001,0.00018540001,0.00022660001,0.00028325,0.00035020002,0.00044805,0.00047895004,0.000515,0.00039655002,0.00024205001,0.000113300004
232,3.3000001e-06,1.8000001e-06,1.8000001e-06,1.8000001e-06,1.8000001e-06,2.5500003e-06,1.005e-05,1.185e-05,8.100001e-06,6.45e-06,5.7e-06,5.3999997e-06,5.55e-06,5.55e-06,5.3999997e-06,6.6000002e-06,8.25e-06,1.0200001e-05,1.3050001e-05,1.395e-05,1.50000005e-05,1.1550001e-05,7.0500005e-06,3.3000001e-06
233,0.0001265,6.900001e-05,6.900001e-05,6.900001e-05,6.900001e-05,9.775e-05,0.00038525002,0.00045425002,0.0003105,0.00024725,0.00021850002,0.00020700002,0.00021275002,0.00021275002,0.00020700002,0.000253,0.00031625002,0.000391,0.00050025,0.00053475,0.000575,0.00044275005,0.00027025005,0.0001265
234,0.00015730002,8.5800006e-05,8.5800006e-05,8.5800006e-05,8.5800006e-05,0.00012155001,0.00047905004,0.00056485005,0.0003861,0.00030745004,0.00027170003,0.0002574,0.00026455,0.00026455,0.0002574,0.00031460004,0.00039325,0.00048620004,0.0006220501,0.00066495006,0.00071500003,0.00055055006,0.00033605003,0.00015730002
235,0.00053460005,0.0002916,0.0002916,0.0002916,0.0002916,0.00041310003,0.0016281,0.0019197001,0.0013122,0.0010449002,0.0009234001,0.0008748,0.00089910004,0.00089910004,0.0008748,0.0010692001,0.0013365002,0.0016524001,0.0021141001,0.0022599,0.00243,0.0018711,0.0011421002,0.00053460005
236,0.00051810005,0.00028260003,0.00028260003,0.00028260003,0.00028260003,0.00040035002,0.0015778501,0.00186045,0.0012717001,0.0010126501,0.0008949,0.00084780005,0.00087135006,0.00087135006,0.00084780005,0.0010362001,0.00129525,0.0016014001,0.00204885,0.00219015,0.002355,0.00181335,0.0011068501,0.00051810005
237,0.00014740002,8.04e-05,8.04e-05,8.04e-05,8.04e-05,0.00011390001,0.0004489,0.0005293,0.0003618,0.0002881,0.0002546,0.0002412,0.0002479,0.0002479,0.0002412,0.00029480003,0.0003685,0.00045560003,0.0005829,0.00062310003,0.00067000004,0.00051589997,0.00031489998,0.00014740002
238,0.00020570001,0.000112199996,0.000112199996,0.000112199996,0.000112199996,0.00015895,0.00062645006,0.00073865004,0.0005049,0.00040205,0.00035530003,0.00033660003,0.00034595001,0.00034595001,0.00033660003,0.00041140002,0.0005142501,0.0006358,0.00081345,0.00086955004,0.00093500013,0.00071995007,0.00043945003,0.00020570001
239,9.02e-05,4.92e-05,4.92e-05,4.92e-05,4.92e-05,6.970001e-05,0.0002747,0.00032390002,0.00022140001,0.00017630002,0.00015580001,0.0001476,0.0001517,0.0001517,0.0001476,0.0001804,0.00022550001,0.00027880003,0.0003567,0.00038130002,0.00041,0.00031570002,0.00019270001,9.02e-05
240,0.0001034,5.6400004e-05,5.6400004e-05,5.6400004e-05,5.6400004e-05,7.9900004e-05,0.00031489998,0.00037130003,0.0002538,0.0002021,0.0001786,0.00016920001,0.0001739,0.0001739,0.00016920001,0.0002068,0.00025850002,0.00031960002,0.0004089,0.0004371,0.00047000003,0.00036190002,0.00022090001,0.0001034
241,9.900001e-06,5.3999997e-06,5.3999997e-06,5.3999997e-06,5.3999997e-06,7.65e-06,3.015e-05,3.555e-05,2.4300001e-05,1.935e-05,1.7100001e-05,1.6200001e-05,1.6650001e-05,1.6650001e-05,1.6200001e-05,1.9800002e-05,2.4750001e-05,3.06e-05,3.915e-05,4.1850002e-05,4.5000004e-05,3.4650002e-05,2.1150001e-05,9.900001e-06
242,0.00014080001,7.680001e-05,7.680001e-05,7.680001e-05,7.680001e-05,0.0001088,0.0004288,0.0005056,0.00034559998,0.00027520003,0.00024320002,0.00023040001,0.0002368,0.0002368,0.00023040001,0.00028160002,0.000352,0.0004352,0.00055680005,0.00059520005,0.00064000004,0.0004928,0.00030080002,0.00014080001
243,4.7300004e-05,2.58e-05,2.58e-05,2.58e-05,2.58e-05,3.6550002e-05,0.00014405,0.00016985,0.00011610001,9.2450005e-05,8.1700004e-05,7.74e-05,7.955e-05,7.955e-05,7.74e-05,9.460001e-05,0.00011825001,0.00014620001,0.00018705001,0.00019995002,0.00021500001,0.00016555,0.00010105,4.7300004e-05
244,5.6099998e-05,3.06e-05,3.06e-05,3.06e-05,3.06e-05,4.3350003e-05,0.00017085002,0.00020145002,0.0001377,0.000109650005,9.69e-05,9.180001e-05,9.4350005e-05,9.4350005e-05,9.180001e-05,0.000112199996,0.00014025,0.00017340001,0.00022185002,0.00023715002,0.00025500002,0.00019635001,0.00011985,5.6099998e-05
245,0.0,0.0,0.0,0.0,0.0,0.0,0.0,0.0,0.0,0.0,0.0,0.0,0.0,0.0,0.0,0.0,0.0,0.0,0.0,0.0,0.0,0.0,0.0,0.0
246,1.1000001e-06,6.000001e-07,6.000001e-07,6.000001e-07,6.000001e-07,8.5e-07,3.35e-06,3.95e-06,2.6999999e-06,2.1500002e-06,1.9000001e-06,1.8000001e-06,1.85e-06,1.85e-06,1.8000001e-06,2.2000002e-06,2.75e-06,3.4e-06,4.3500004e-06,4.6500004e-06,5.0000003e-06,3.85e-06,2.3500002e-06,1.1000001e-06
247,1.1000001e-06,6.000001e-07,6.000001e-07,6.000001e-07,6.000001e-07,8.5e-07,3.35e-06,3.95e-06,2.6999999e-06,2.1500002e-06,1.9000001e-06,1.8000001e-06,1.85e-06,1.85e-06,1.8000001e-06,2.2000002e-06,2.75e-06,3.4e-06,4.3500004e-06,4.6500004e-06,5.0000003e-06,3.85e-06,2.3500002e-06,1.1000001e-06
248,0.0,0.0,0.0,0.0,0.0,0.0,0.0,0.0,0.0,0.0,0.0,0.0,0.0,0.0,0.0,0.0,0.0,0.0,0.0,0.0,0.0,0.0,0.0,0.0
249,0.00019250001,0.000105,0.000105,0.000105,0.000105,0.00014875,0.00058625004,0.00069125,0.00047250002,0.00037625,0.0003325,0.000315,0.00032375,0.00032375,0.000315,0.00038500002,0.00048125,0.000595,0.00076125,0.00081375,0.000875,0.00067375,0.00041125002,0.00019250001
250,0.000113300004,6.1800005e-05,6.1800005e-05,6.1800005e-05,6.1800005e-05,8.7550005e-05,0.00034505004,0.00040685,0.00027810002,0.00022145,0.0001957,0.00018540001,0.00019055001,0.00019055001,0.00018540001,0.00022660001,0.00028325,0.00035020002,0.00044805,0.00047895004,0.000515,0.00039655002,0.00024205001,0.000113300004
251,0.00013860001,7.56e-05,7.56e-05,7.56e-05,7.56e-05,0.00010710001,0.00042209998,0.0004977,0.00034020003,0.00027090003,0.0002394,0.00022680001,0.0002331,0.0002331,0.00022680001,0.00027720002,0.00034650002,0.00042840003,0.00054810004,0.0005859,0.00063,0.00048510006,0.0002961,0.00013860001
252,0.0001496,8.160001e-05,8.160001e-05,8.160001e-05,8.160001e-05,0.0001156,0.00045560003,0.0005372001,0.00036720003,0.00029240001,0.00025840002,0.0002448,0.0002516,0.0002516,0.0002448,0.0002992,0.000374,0.0004624,0.0005916,0.00063240004,0.00068000006,0.0005236,0.00031960002,0.0001496
253,1.54e-05,8.400001e-06,8.400001e-06,8.400001e-06,8.400001e-06,1.1900001e-05,4.6900004e-05,5.5300003e-05,3.78e-05,3.0100002e-05,2.6600002e-05,2.52e-05,2.5900003e-05,2.5900003e-05,2.52e-05,3.08e-05,3.8500002e-05,4.7600002e-05,6.09e-05,6.51e-05,7e-05,5.3900003e-05,3.29e-05,1.54e-05
254,0.0,0.0,0.0,0.0,0.0,0.0,0.0,0.0,0.0,0.0,0.0,0.0,0.0,0.0,0.0,0.0,0.0,0.0,0.0,0.0,0.0,0.0,0.0,0.0
255,0.00021560001,0.000117600015,0.000117600015,0.000117600015,0.000117600015,0.00016660002,0.00065660005,0.0007742,0.00052919996,0.0004214,0.00037240004,0.0003528,0.00036260003,0.00036260003,0.0003528,0.00043120002,0.0005390001,0.00066640007,0.0008526001,0.0009114001,0.00098,0.00075460004,0.00046060001,0.00021560001
256,0.00024310002,0.0001326,0.0001326,0.0001326,0.0001326,0.00018785,0.00074035005,0.00087295007,0.00059670006,0.00047515,0.00041990003,0.00039780003,0.00040885003,0.00040885003,0.00039780003,0.00048620004,0.00060775003,0.0007514,0.00096135004,0.0010276501,0.001105,0.00085085,0.00051935,0.00024310002
257,6.82e-05,3.7200003e-05,3.7200003e-05,3.7200003e-05,3.7200003e-05,5.27e-05,0.00020770001,0.0002449,0.00016740001,0.00013330001,0.0001178,0.0001116,0.00011470001,0.00011470001,0.0001116,0.0001364,0.00017050002,0.0002108,0.00026970002,0.0002883,0.00031,0.00023870001,0.00014570002,6.82e-05
258,0.0,0.0,0.0,0.0,0.0,0.0,0.0,0.0,0.0,0.0,0.0,0.0,0.0,0.0,0.0,0.0,0.0,0.0,0.0,0.0,0.0,0.0,0.0,0.0
259,5.5000004e-05,3.0000001e-05,3.0000001e-05,3.0000001e-05,3.0000001e-05,4.2500003e-05,0.00016750001,0.00019750002,0.00013500001,0.000107500004,9.5e-05,9.000001e-05,9.2500006e-05,9.2500006e-05,9.000001e-05,0.00011000001,0.00013750001,0.00017000001,0.00021750001,0.0002325,0.00024999998,0.00019250001,0.00011750001,5.5000004e-05
260,1.21e-05,6.6000002e-06,6.6000002e-06,6.6000002e-06,6.6000002e-06,9.35e-06,3.6850004e-05,4.3450003e-05,2.97e-05,2.3650002e-05,2.09e-05,1.9800002e-05,2.035e-05,2.035e-05,1.9800002e-05,2.42e-05,3.0250001e-05,3.74e-05,4.785e-05,5.1150004e-05,5.5000004e-05,4.2350002e-05,2.585e-05,1.21e-05
261,1.32000005e-05,7.2000003e-06,7.2000003e-06,7.2000003e-06,7.2000003e-06,1.0200001e-05,4.02e-05,4.74e-05,3.2400003e-05,2.58e-05,2.28e-05,2.1599999e-05,2.22e-05,2.22e-05,2.1599999e-05,2.6400001e-05,3.3e-05,4.0800005e-05,5.2200005e-05,5.58e-05,6.0000002e-05,4.6200003e-05,2.8200002e-05,1.32000005e-05
262,2.42e-05,1.32000005e-05,1.32000005e-05,1.32000005e-05,1.32000005e-05,1.87e-05,7.370001e-05,8.690001e-05,5.94e-05,4.7300004e-05,4.18e-05,3.9600003e-05,4.07e-05,4.07e-05,3.9600003e-05,4.84e-05,6.0500002e-05,7.48e-05,9.57e-05,0.00010230001,0.00011000001,8.4700005e-05,5.17e-05,2.42e-05
263,0.00014080001,7.680001e-05,7.680001e-05,7.680001e-05,7.680001e-05,0.0001088,0.0004288,0.0005056,0.00034559998,0.00027520003,0.00024320002,0.00023040001,0.0002368,0.0002368,0.00023040001,0.00028160002,0.000352,0.0004352,0.00055680005,0.00059520005,0.00064000004,0.0004928,0.00030080002,0.00014080001
264,2.09e-05,1.14e-05,1.14e-05,1.14e-05,1.14e-05,1.6150001e-05,6.365e-05,7.505e-05,5.13e-05,4.0850002e-05,3.6100002e-05,3.4200002e-05,3.5150006e-05,3.5150006e-05,3.4200002e-05,4.18e-05,5.2250005e-05,6.4600004e-05,8.265e-05,8.835001e-05,9.5e-05,7.3150004e-05,4.465e-05,2.09e-05
265,2.42e-05,1.32000005e-05,1.32000005e-05,1.32000005e-05,1.32000005e-05,1.87e-05,7.370001e-05,8.690001e-05,5.94e-05,4.7300004e-05,4.18e-05,3.9600003e-05,4.07e-05,4.07e-05,3.9600003e-05,4.84e-05,6.0500002e-05,7.48e-05,9.57e-05,0.00010230001,0.00011000001,8.4700005e-05,5.17e-05,2.42e-05
266,0.0001309,7.1400005e-05,7.1400005e-05,7.1400005e-05,7.1400005e-05,0.000101150006,0.00039865004,0.00047005003,0.0003213,0.00025585,0.0002261,0.00021420002,0.00022015,0.00022015,0.00021420002,0.0002618,0.00032725002,0.00040460002,0.00051765004,0.0005533501,0.000595,0.00045815003,0.00027965,0.0001309
267,0.00018590002,0.00010140001,0.00010140001,0.00010140001,0.00010140001,0.00014365,0.00056615006,0.00066755,0.0004563,0.00036335003,0.0003211,0.00030420002,0.00031265002,0.00031265002,0.00030420002,0.00037180004,0.00046475,0.0005746,0.00073515,0.00078585005,0.0008450001,0.00065065006,0.00039715003,0.00018590002
268,4.7300004e-05,2.58e-05,2.58e-05,2.58e-05,2.58e-05,3.6550002e-05,0.00014405,0.00016985,0.00011610001,9.2450005e-05,8.1700004e-05,7.74e-05,7.955e-05,7.955e-05,7.74e-05,9.460001e-05,0.00011825001,0.00014620001,0.00018705001,0.00019995002,0.00021500001,0.00016555,0.00010105,4.7300004e-05
